Price,Close,High,Low,Open,Volume
Ticker,FLXT.DE,FLXT.DE,FLXT.DE,FLXT.DE,FLXT.DE
Date,,,,,
2022-03-22,23.684999465942383,23.690000534057617,23.68000030517578,23.690000534057617,0
2022-03-23,23.700000762939453,23.735000610351562,23.700000762939453,23.735000610351562,0
2022-03-24,23.739999771118164,23.739999771118164,23.684999465942383,23.735000610351562,0
2022-03-25,23.635000228881836,23.65999984741211,23.614999771118164,23.614999771118164,0
2022-03-28,23.405000686645508,23.454999923706055,23.405000686645508,23.450000762939453,0
2022-03-29,23.360000610351562,23.424999237060547,23.360000610351562,23.424999237060547,0
2022-03-30,23.489999771118164,23.6200008392334,23.489999771118164,23.6200008392334,40
2022-03-31,23.399999618530273,23.405000686645508,23.350000381469727,23.350000381469727,0
2022-04-01,23.405000686645508,23.520000457763672,23.405000686645508,23.405000686645508,0
2022-04-04,23.889999389648438,23.889999389648438,23.524999618530273,23.524999618530273,57
2022-04-05,23.665000915527344,23.940000534057617,23.665000915527344,23.940000534057617,0
2022-04-06,23.44499969482422,23.645000457763672,23.44499969482422,23.645000457763672,57
2022-04-07,23.100000381469727,23.219999313354492,23.100000381469727,23.145000457763672,20
2022-04-08,23.239999771118164,23.34000015258789,23.239999771118164,23.34000015258789,0
2022-04-11,22.719999313354492,22.809999465942383,22.719999313354492,22.809999465942383,0
2022-04-12,22.90999984741211,22.90999984741211,22.735000610351562,22.735000610351562,0
2022-04-13,23.25,23.25,23.2450008392334,23.25,0
2022-04-14,23.110000610351562,23.110000610351562,23.03499984741211,23.084999084472656,0
2022-04-19,22.2549991607666,22.2549991607666,22.19499969482422,22.19499969482422,0
2022-04-20,22.34000015258789,22.34000015258789,22.274999618530273,22.274999618530273,0
2022-04-21,22.31999969482422,22.334999084472656,22.264999389648438,22.264999389648438,0
2022-04-22,22.149999618530273,22.2549991607666,22.149999618530273,22.2549991607666,0
2022-04-25,21.860000610351562,21.860000610351562,21.780000686645508,21.780000686645508,0
2022-04-26,21.670000076293945,21.934999465942383,21.670000076293945,21.93000030517578,0
2022-04-27,21.68000030517578,21.68000030517578,21.56999969482422,21.56999969482422,0
2022-04-28,21.895000457763672,22.010000228881836,21.895000457763672,21.93000030517578,0
2022-04-29,22.104999542236328,22.170000076293945,22.020000457763672,22.170000076293945,37
2022-05-02,21.7549991607666,21.899999618530273,21.7549991607666,21.889999389648438,0
2022-05-03,21.959999084472656,21.959999084472656,21.915000915527344,21.954999923706055,0
2022-05-04,21.795000076293945,22.03499984741211,21.795000076293945,22.03499984741211,0
2022-05-05,21.81999969482422,22.03499984741211,21.81999969482422,22.03499984741211,0
2022-05-06,21.559999465942383,21.725000381469727,21.559999465942383,21.725000381469727,0
2022-05-09,21.014999389648438,21.30500030517578,21.014999389648438,21.30500030517578,0
2022-05-10,21.020000457763672,21.204999923706055,21.020000457763672,21.204999923706055,0
2022-05-11,21.079999923706055,21.25,21.079999923706055,21.149999618530273,0
2022-05-12,20.864999771118164,20.864999771118164,20.6200008392334,20.6200008392334,9
2022-05-13,21.239999771118164,21.239999771118164,21.079999923706055,21.079999923706055,0
2022-05-16,21.184999465942383,21.184999465942383,21.139999389648438,21.15999984741211,0
2022-05-17,21.280000686645508,21.325000762939453,21.280000686645508,21.31999969482422,0
2022-05-18,21.260000228881836,21.514999389648438,21.260000228881836,21.514999389648438,0
2022-05-19,21.0,21.079999923706055,20.895000457763672,21.079999923706055,238
2022-05-20,21.149999618530273,21.31999969482422,21.149999618530273,21.290000915527344,141
2022-05-23,21.19499969482422,21.274999618530273,21.155000686645508,21.274999618530273,0
2022-05-24,20.6299991607666,20.825000762939453,20.6299991607666,20.7450008392334,0
2022-05-25,21.09000015258789,21.09000015258789,20.979999542236328,20.989999771118164,3
2022-05-26,21.045000076293945,21.045000076293945,20.895000457763672,20.895000457763672,0
2022-05-27,21.540000915527344,21.540000915527344,21.334999084472656,21.334999084472656,106
2022-05-30,21.90999984741211,22.0,21.90999984741211,22.0,0
2022-05-31,22.075000762939453,22.18000030517578,22.075000762939453,22.110000610351562,0
2022-06-01,21.93000030517578,21.96500015258789,21.93000030517578,21.959999084472656,0
2022-06-02,21.834999084472656,21.834999084472656,21.780000686645508,21.780000686645508,0
2022-06-03,21.59000015258789,21.889999389648438,21.59000015258789,21.889999389648438,66
2022-06-06,21.829999923706055,21.834999084472656,21.7450008392334,21.7450008392334,0
2022-06-07,21.56999969482422,21.56999969482422,21.545000076293945,21.545000076293945,0
2022-06-08,21.790000915527344,21.864999771118164,21.764999389648438,21.864999771118164,0
2022-06-09,21.700000762939453,21.774999618530273,21.700000762939453,21.709999084472656,0
2022-06-10,21.6299991607666,21.7450008392334,21.6299991607666,21.65999984741211,0
2022-06-13,21.1200008392334,21.2549991607666,21.1200008392334,21.2549991607666,0
2022-06-14,21.385000228881836,21.420000076293945,21.30500030517578,21.420000076293945,0
2022-06-15,21.5049991607666,21.524999618530273,21.264999389648438,21.264999389648438,7
2022-06-16,20.700000762939453,20.954999923706055,20.700000762939453,20.954999923706055,0
2022-06-17,20.69499969482422,20.729999542236328,20.56999969482422,20.56999969482422,0
2022-06-20,20.655000686645508,20.655000686645508,20.575000762939453,20.575000762939453,0
2022-06-21,20.940000534057617,20.940000534057617,20.875,20.875,0
2022-06-22,20.524999618530273,20.524999618530273,20.415000915527344,20.415000915527344,0
2022-06-23,20.325000762939453,20.424999237060547,20.325000762939453,20.420000076293945,10
2022-06-24,20.559999465942383,20.559999465942383,20.3700008392334,20.3700008392334,0
2022-06-27,20.565000534057617,20.65999984741211,20.565000534057617,20.65999984741211,0
2022-06-28,20.545000076293945,20.625,20.545000076293945,20.625,0
2022-06-29,20.424999237060547,20.424999237060547,20.260000228881836,20.260000228881836,0
2022-06-30,19.81800079345703,19.871999740600586,19.81800079345703,19.871999740600586,0
2022-07-01,19.549999237060547,19.549999237060547,19.43199920654297,19.43199920654297,0
2022-07-04,19.32200050354004,19.32200050354004,19.285999298095703,19.285999298095703,0
2022-07-05,19.281999588012695,19.360000610351562,19.281999588012695,19.360000610351562,0
2022-07-06,19.354000091552734,19.354000091552734,19.238000869750977,19.238000869750977,270
2022-07-07,20.389999389648438,20.389999389648438,20.155000686645508,20.155000686645508,0
2022-07-08,20.114999771118164,20.114999771118164,19.95199966430664,19.95199966430664,0
2022-07-11,19.875999450683594,19.95400047302246,19.875999450683594,19.95400047302246,0
2022-07-12,19.968000411987305,19.968000411987305,19.61199951171875,19.61199951171875,0
2022-07-13,20.020000457763672,20.079999923706055,20.020000457763672,20.079999923706055,0
2022-07-14,20.225000381469727,20.239999771118164,20.225000381469727,20.239999771118164,0
2022-07-15,20.405000686645508,20.405000686645508,20.354999542236328,20.354999542236328,0
2022-07-18,20.385000228881836,20.485000610351562,20.385000228881836,20.485000610351562,0
2022-07-19,20.420000076293945,20.459999084472656,20.264999389648438,20.354999542236328,159
2022-07-20,20.43000030517578,20.43000030517578,20.309999465942383,20.309999465942383,0
2022-07-21,20.690000534057617,20.690000534057617,20.665000915527344,20.665000915527344,0
2022-07-22,20.71500015258789,20.854999542236328,20.71500015258789,20.735000610351562,0
2022-07-25,20.719999313354492,20.774999618530273,20.719999313354492,20.774999618530273,0
2022-07-26,20.625,20.709999084472656,20.600000381469727,20.600000381469727,2
2022-07-27,20.844999313354492,20.844999313354492,20.739999771118164,20.799999237060547,0
2022-07-28,20.905000686645508,20.90999984741211,20.809999465942383,20.809999465942383,0
2022-07-29,20.844999313354492,20.899999618530273,20.844999313354492,20.899999618530273,0
2022-08-01,20.5049991607666,20.770000457763672,20.5049991607666,20.770000457763672,0
2022-08-02,20.600000381469727,20.65999984741211,20.315000534057617,20.375,26
2022-08-03,20.709999084472656,20.709999084472656,20.584999084472656,20.625,0
2022-08-04,20.540000915527344,20.610000610351562,20.540000915527344,20.549999237060547,0
2022-08-05,20.989999771118164,21.024999618530273,20.875,20.969999313354492,200
2022-08-08,20.850000381469727,21.014999389648438,20.850000381469727,20.979999542236328,1
2022-08-09,20.885000228881836,20.90999984741211,20.885000228881836,20.90999984741211,0
2022-08-10,20.795000076293945,20.795000076293945,20.735000610351562,20.764999389648438,200
2022-08-11,21.204999923706055,21.295000076293945,21.100000381469727,21.18000030517578,628
2022-08-12,21.405000686645508,21.405000686645508,21.204999923706055,21.204999923706055,200
2022-08-15,21.59000015258789,21.59000015258789,21.565000534057617,21.565000534057617,0
2022-08-16,21.674999237060547,21.780000686645508,21.674999237060547,21.735000610351562,0
2022-08-17,21.610000610351562,21.7549991607666,21.610000610351562,21.7549991607666,0
2022-08-18,21.75,21.75,21.59000015258789,21.59000015258789,0
2022-08-19,21.71500015258789,21.774999618530273,21.71500015258789,21.770000457763672,169
2022-08-22,21.639999389648438,21.639999389648438,21.55500030517578,21.635000228881836,0
2022-08-23,21.475000381469727,21.559999465942383,21.475000381469727,21.540000915527344,0
2022-08-24,21.459999084472656,21.459999084472656,21.440000534057617,21.440000534057617,0
2022-08-25,21.670000076293945,21.670000076293945,21.584999084472656,21.594999313354492,0
2022-08-26,21.415000915527344,21.71500015258789,21.415000915527344,21.71500015258789,0
2022-08-29,20.950000762939453,21.075000762939453,20.950000762939453,21.075000762939453,0
2022-08-30,20.760000228881836,21.020000457763672,20.735000610351562,21.020000457763672,97
2022-08-31,20.93000030517578,21.139999389648438,20.93000030517578,21.114999771118164,0
2022-09-01,20.614999771118164,20.614999771118164,20.510000228881836,20.510000228881836,0
2022-09-02,20.479999542236328,20.479999542236328,20.3700008392334,20.44499969482422,943
2022-09-05,20.549999237060547,20.549999237060547,20.514999389648438,20.514999389648438,0
2022-09-06,20.475000381469727,20.540000915527344,20.44499969482422,20.44499969482422,1
2022-09-07,20.059999465942383,20.1200008392334,20.059999465942383,20.079999923706055,2
2022-09-08,20.184999465942383,20.184999465942383,20.030000686645508,20.06999969482422,0
2022-09-09,20.34000015258789,20.34000015258789,20.235000610351562,20.235000610351562,0
2022-09-12,20.385000228881836,20.385000228881836,20.2549991607666,20.264999389648438,70
2022-09-13,20.125,20.34000015258789,20.125,20.34000015258789,30
2022-09-14,20.1200008392334,20.1200008392334,20.05500030517578,20.114999771118164,0
2022-09-15,19.95599937438965,20.209999084472656,19.95599937438965,20.209999084472656,0
2022-09-16,19.75200080871582,19.802000045776367,19.75200080871582,19.763999938964844,40
2022-09-19,19.54400062561035,19.73200035095215,19.493999481201172,19.73200035095215,0
2022-09-20,19.847999572753906,19.889999389648438,19.836000442504883,19.83799934387207,2
2022-09-21,19.93400001525879,19.93400001525879,19.738000869750977,19.738000869750977,0
2022-09-22,19.530000686645508,19.535999298095703,19.48200035095215,19.48200035095215,0
2022-09-23,19.275999069213867,19.347999572753906,19.25200080871582,19.347999572753906,0
2022-09-26,19.257999420166016,19.257999420166016,19.131999969482422,19.131999969482422,0
2022-09-27,19.323999404907227,19.423999786376953,19.305999755859375,19.305999755859375,143
2022-09-28,18.93600082397461,18.941999435424805,18.874000549316406,18.941999435424805,0
2022-09-29,18.309999465942383,18.57200050354004,18.309999465942383,18.57200050354004,0
2022-09-30,18.270000457763672,18.270000457763672,18.211999893188477,18.243999481201172,0
2022-10-03,18.270000457763672,18.270000457763672,18.091999053955078,18.091999053955078,0
2022-10-04,18.56399917602539,18.56399917602539,18.437999725341797,18.437999725341797,135
2022-10-05,18.781999588012695,18.8799991607666,18.781999588012695,18.788000106811523,1
2022-10-06,19.006000518798828,19.059999465942383,18.871999740600586,18.884000778198242,179
2022-10-07,18.540000915527344,18.790000915527344,18.540000915527344,18.766000747680664,0
2022-10-10,18.29400062561035,18.354000091552734,18.257999420166016,18.257999420166016,5
2022-10-11,17.88800048828125,17.964000701904297,17.850000381469727,17.850000381469727,0
2022-10-12,17.884000778198242,17.940000534057617,17.884000778198242,17.93400001525879,44
2022-10-13,17.86400032043457,17.86400032043457,17.691999435424805,17.691999435424805,0
2022-10-14,17.996000289916992,17.996000289916992,17.937999725341797,17.937999725341797,0
2022-10-17,17.757999420166016,17.777999877929688,17.70599937438965,17.70599937438965,3
2022-10-18,17.56999969482422,17.760000228881836,17.56999969482422,17.694000244140625,0
2022-10-19,17.38800048828125,17.472000122070312,17.38800048828125,17.413999557495117,2
2022-10-20,17.63800048828125,17.63800048828125,17.440000534057617,17.440000534057617,0
2022-10-21,17.393999099731445,17.399999618530273,17.378000259399414,17.399999618530273,0
2022-10-24,17.106000900268555,17.27199935913086,17.106000900268555,17.256000518798828,0
2022-10-25,16.950000762939453,16.950000762939453,16.889999389648438,16.93400001525879,0
2022-10-26,17.04199981689453,17.04199981689453,16.908000946044922,16.908000946044922,0
2022-10-27,17.22800064086914,17.22800064086914,17.06399917602539,17.104000091552734,0
2022-10-28,17.131999969482422,17.131999969482422,16.983999252319336,16.983999252319336,0
2022-10-31,17.329999923706055,17.329999923706055,17.176000595092773,17.22599983215332,50
2022-11-01,17.489999771118164,17.489999771118164,17.402000427246094,17.402000427246094,0
2022-11-02,17.41200065612793,17.527999877929688,17.41200065612793,17.527999877929688,0
2022-11-03,17.444000244140625,17.444000244140625,17.389999389648438,17.41200065612793,0
2022-11-04,17.549999237060547,17.672000885009766,17.549999237060547,17.591999053955078,0
2022-11-07,17.63599967956543,17.68400001525879,17.5939998626709,17.5939998626709,158
2022-11-08,17.84600067138672,17.84600067138672,17.73200035095215,17.73200035095215,0
2022-11-09,18.09600067138672,18.173999786376953,18.09600067138672,18.152000427246094,0
2022-11-10,18.492000579833984,18.492000579833984,17.99799919128418,17.99799919128418,0
2022-11-11,18.857999801635742,18.9060001373291,18.857999801635742,18.9060001373291,0
2022-11-14,19.1200008392334,19.15999984741211,18.940000534057617,18.940000534057617,3
2022-11-15,19.81999969482422,19.81999969482422,19.583999633789062,19.583999633789062,350
2022-11-16,19.365999221801758,19.54400062561035,19.365999221801758,19.54400062561035,0
2022-11-17,19.474000930786133,19.56999969482422,19.368000030517578,19.56999969482422,65
2022-11-18,19.468000411987305,19.48200035095215,19.29800033569336,19.29800033569336,8
2022-11-21,19.42799949645996,19.492000579833984,19.42799949645996,19.440000534057617,2
2022-11-22,19.639999389648438,19.639999389648438,19.554000854492188,19.554000854492188,511
2022-11-23,19.639999389648438,19.639999389648438,19.582000732421875,19.582000732421875,0
2022-11-24,19.851999282836914,19.86400032043457,19.746000289916992,19.766000747680664,511
2022-11-25,19.687999725341797,19.777999877929688,19.687999725341797,19.777999877929688,0
2022-11-28,19.468000411987305,19.54400062561035,19.336000442504883,19.54400062561035,0
2022-11-29,19.66200065612793,19.718000411987305,19.66200065612793,19.718000411987305,0
2022-11-30,20.030000686645508,20.05500030517578,20.010000228881836,20.05500030517578,0
2022-12-01,20.100000381469727,20.274999618530273,20.100000381469727,20.274999618530273,0
2022-12-02,20.0049991607666,20.049999237060547,20.0049991607666,20.03499984741211,0
2022-12-05,19.983999252319336,20.03499984741211,19.974000930786133,20.03499984741211,500
2022-12-06,19.61199951171875,19.736000061035156,19.61199951171875,19.736000061035156,133
2022-12-07,19.5,19.639999389648438,19.437999725341797,19.639999389648438,425
2022-12-08,19.45599937438965,19.45599937438965,19.354000091552734,19.354000091552734,0
2022-12-09,19.642000198364258,19.649999618530273,19.577999114990234,19.577999114990234,116
2022-12-12,19.3700008392334,19.408000946044922,19.360000610351562,19.408000946044922,0
2022-12-13,19.389999389648438,19.389999389648438,19.305999755859375,19.305999755859375,0
2022-12-14,19.45400047302246,19.45400047302246,19.423999786376953,19.43000030517578,0
2022-12-15,18.988000869750977,19.309999465942383,18.988000869750977,19.309999465942383,10
2022-12-16,18.874000549316406,18.972000122070312,18.850000381469727,18.972000122070312,120
2022-12-19,18.856000900268555,18.965999603271484,18.856000900268555,18.893999099731445,0
2022-12-20,18.663999557495117,18.663999557495117,18.639999389648438,18.642000198364258,0
2022-12-21,18.836000442504883,18.836000442504883,18.631999969482422,18.631999969482422,140
2022-12-22,18.667999267578125,18.9060001373291,18.667999267578125,18.9060001373291,0
2022-12-23,18.6200008392334,18.642000198364258,18.618000030517578,18.618000030517578,0
2022-12-27,18.697999954223633,18.79800033569336,18.697999954223633,18.79800033569336,25
2022-12-28,18.416000366210938,18.559999465942383,18.416000366210938,18.559999465942383,0
2022-12-29,18.579999923706055,18.579999923706055,18.38599967956543,18.38599967956543,0
2022-12-30,18.4060001373291,18.43600082397461,18.4060001373291,18.42799949645996,0
2023-01-02,18.525999069213867,18.586000442504883,18.45599937438965,18.45599937438965,99
2023-01-03,18.729999542236328,18.823999404907227,18.72800064086914,18.72800064086914,0
2023-01-04,18.84600067138672,18.84600067138672,18.718000411987305,18.742000579833984,0
2023-01-05,18.86199951171875,18.86199951171875,18.766000747680664,18.766000747680664,0
2023-01-06,19.142000198364258,19.142000198364258,19.04199981689453,19.04199981689453,105
2023-01-09,19.606000900268555,19.648000717163086,19.486000061035156,19.486000061035156,128
2023-01-10,19.586000442504883,19.586000442504883,19.520000457763672,19.520000457763672,0
2023-01-11,19.555999755859375,19.607999801635742,19.474000930786133,19.474000930786133,116
2023-01-12,19.549999237060547,19.549999237060547,19.440000534057617,19.440000534057617,0
2023-01-13,19.604000091552734,19.621999740600586,19.549999237060547,19.549999237060547,100
2023-01-16,19.6560001373291,19.70800018310547,19.63800048828125,19.649999618530273,4
2023-01-17,19.804000854492188,19.804000854492188,19.56599998474121,19.56599998474121,0
2023-01-18,19.86199951171875,19.865999221801758,19.83799934387207,19.865999221801758,120
2023-01-19,19.709999084472656,19.781999588012695,19.65999984741211,19.781999588012695,10
2023-01-20,19.899999618530273,19.899999618530273,19.775999069213867,19.889999389648438,75
2023-01-23,20.385000228881836,20.385000228881836,20.0049991607666,20.0049991607666,0
2023-01-24,20.309999465942383,20.364999771118164,20.290000915527344,20.364999771118164,0
2023-01-25,20.165000915527344,20.344999313354492,20.165000915527344,20.344999313354492,312
2023-01-26,20.520000457763672,20.520000457763672,20.420000076293945,20.420000076293945,0
2023-01-27,20.635000228881836,20.670000076293945,20.610000610351562,20.610000610351562,40
2023-01-30,20.56999969482422,20.56999969482422,20.469999313354492,20.520000457763672,50
2023-01-31,20.299999237060547,20.299999237060547,20.200000762939453,20.280000686645508,70
2023-02-01,20.43000030517578,20.44499969482422,20.415000915527344,20.44499969482422,0
2023-02-02,20.875,20.8799991607666,20.610000610351562,20.610000610351562,262
2023-02-03,20.790000915527344,20.80500030517578,20.774999618530273,20.774999618530273,542
2023-02-06,20.514999389648438,20.53499984741211,20.43000030517578,20.489999771118164,2
2023-02-07,20.594999313354492,20.594999313354492,20.520000457763672,20.540000915527344,0
2023-02-08,20.729999542236328,20.889999389648438,20.729999542236328,20.860000610351562,70
2023-02-09,20.895000457763672,20.959999084472656,20.844999313354492,20.844999313354492,0
2023-02-10,20.834999084472656,20.834999084472656,20.780000686645508,20.809999465942383,0
2023-02-13,20.860000610351562,20.860000610351562,20.795000076293945,20.795000076293945,0
2023-02-14,20.844999313354492,20.895000457763672,20.844999313354492,20.8700008392334,0
2023-02-15,20.475000381469727,20.475000381469727,20.420000076293945,20.420000076293945,0
2023-02-16,20.645000457763672,20.68000030517578,20.645000457763672,20.68000030517578,0
2023-02-17,20.434999465942383,20.53499984741211,20.434999465942383,20.53499984741211,0
2023-02-20,20.614999771118164,20.614999771118164,20.575000762939453,20.575000762939453,0
2023-02-21,20.420000076293945,20.6200008392334,20.420000076293945,20.6200008392334,150
2023-02-22,20.434999465942383,20.450000762939453,20.350000381469727,20.350000381469727,64
2023-02-23,20.799999237060547,20.84000015258789,20.799999237060547,20.84000015258789,0
2023-02-24,20.44499969482422,20.594999313354492,20.44499969482422,20.559999465942383,500
2023-02-27,20.459999084472656,20.5,20.459999084472656,20.475000381469727,0
2023-02-28,20.375,20.375,20.290000915527344,20.290000915527344,0
2023-03-01,20.459999084472656,20.6200008392334,20.459999084472656,20.6200008392334,0
2023-03-02,20.579999923706055,20.639999389648438,20.46500015258789,20.46500015258789,127
2023-03-03,20.709999084472656,20.709999084472656,20.614999771118164,20.614999771118164,0
2023-03-06,20.774999618530273,20.809999465942383,20.774999618530273,20.809999465942383,0
2023-03-07,20.850000381469727,20.950000762939453,20.850000381469727,20.8700008392334,10
2023-03-08,20.934999465942383,20.979999542236328,20.790000915527344,20.790000915527344,0
2023-03-09,20.790000915527344,20.790000915527344,20.7549991607666,20.770000457763672,0
2023-03-10,20.3799991607666,20.540000915527344,20.3700008392334,20.540000915527344,310
2023-03-13,20.21500015258789,20.350000381469727,20.21500015258789,20.350000381469727,0
2023-03-14,20.274999618530273,20.274999618530273,20.135000228881836,20.135000228881836,0
2023-03-15,20.049999237060547,20.075000762939453,20.049999237060547,20.075000762939453,0
2023-03-16,20.290000915527344,20.290000915527344,20.15999984741211,20.184999465942383,0
2023-03-17,20.290000915527344,20.385000228881836,20.290000915527344,20.385000228881836,0
2023-03-20,20.21500015258789,20.21500015258789,20.18000030517578,20.200000762939453,0
2023-03-21,20.315000534057617,20.399999618530273,20.315000534057617,20.329999923706055,10
2023-03-22,20.6299991607666,20.6299991607666,20.584999084472656,20.584999084472656,89
2023-03-23,20.84000015258789,20.895000457763672,20.670000076293945,20.670000076293945,254
2023-03-24,20.899999618530273,20.899999618530273,20.899999618530273,20.899999618530273,0
2023-03-27,20.7450008392334,20.854999542236328,20.7450008392334,20.854999542236328,50
2023-03-28,20.514999389648438,20.584999084472656,20.514999389648438,20.584999084472656,0
2023-03-29,20.610000610351562,20.610000610351562,20.56999969482422,20.575000762939453,0
2023-03-30,20.524999618530273,20.579999923706055,20.524999618530273,20.579999923706055,50
2023-03-31,20.635000228881836,20.635000228881836,20.4950008392334,20.4950008392334,0
2023-04-03,20.575000762939453,20.575000762939453,20.479999542236328,20.540000915527344,50
2023-04-04,20.485000610351562,20.6200008392334,20.485000610351562,20.6200008392334,223
2023-04-05,20.350000381469727,20.559999465942383,20.350000381469727,20.559999465942383,0
2023-04-06,20.315000534057617,20.405000686645508,20.25,20.25,1
2023-04-11,20.53499984741211,20.559999465942383,20.450000762939453,20.450000762939453,603
2023-04-12,20.295000076293945,20.43000030517578,20.295000076293945,20.354999542236328,0
2023-04-13,20.145000457763672,20.145000457763672,20.084999084472656,20.084999084472656,0
2023-04-14,20.28499984741211,20.28499984741211,20.229999542236328,20.229999542236328,0
2023-04-17,20.31999969482422,20.34000015258789,20.290000915527344,20.295000076293945,332
2023-04-18,20.225000381469727,20.239999771118164,20.225000381469727,20.229999542236328,714
2023-04-19,20.0049991607666,20.03499984741211,19.988000869750977,19.988000869750977,122
2023-04-20,20.010000228881836,20.03499984741211,19.926000595092773,20.0049991607666,577
2023-04-21,19.808000564575195,19.836000442504883,19.808000564575195,19.836000442504883,0
2023-04-24,19.722000122070312,19.79400062561035,19.722000122070312,19.79400062561035,0
2023-04-25,19.392000198364258,19.43400001525879,19.285999298095703,19.285999298095703,352
2023-04-26,19.257999420166016,19.257999420166016,19.24799919128418,19.24799919128418,0
2023-04-27,19.38800048828125,19.38800048828125,19.290000915527344,19.290000915527344,0
2023-04-28,19.534000396728516,19.56399917602539,19.534000396728516,19.56399917602539,0
2023-05-02,19.52199935913086,19.709999084472656,19.52199935913086,19.709999084472656,292
2023-05-03,19.42799949645996,19.520000457763672,19.42799949645996,19.520000457763672,5
2023-05-04,19.516000747680664,19.516000747680664,19.440000534057617,19.440000534057617,0
2023-05-05,19.780000686645508,19.799999237060547,19.670000076293945,19.670000076293945,5
2023-05-08,19.804000854492188,19.827999114990234,19.77400016784668,19.77400016784668,7
2023-05-09,19.878000259399414,19.878000259399414,19.868000030517578,19.868000030517578,0
2023-05-10,19.871999740600586,19.871999740600586,19.76799964904785,19.76799964904785,0
2023-05-11,19.642000198364258,19.694000244140625,19.642000198364258,19.694000244140625,0
2023-05-12,19.700000762939453,19.719999313354492,19.700000762939453,19.715999603271484,4
2023-05-15,19.827999114990234,19.827999114990234,19.736000061035156,19.79400062561035,5
2023-05-16,19.986000061035156,20.03499984741211,19.944000244140625,19.944000244140625,10
2023-05-17,20.415000915527344,20.415000915527344,20.3700008392334,20.3700008392334,0
2023-05-18,20.764999389648438,20.764999389648438,20.700000762939453,20.700000762939453,0
2023-05-19,20.7450008392334,20.875,20.7450008392334,20.829999923706055,1098
2023-05-22,20.920000076293945,20.920000076293945,20.815000534057617,20.815000534057617,944
2023-05-23,20.815000534057617,20.829999923706055,20.815000534057617,20.81999969482422,924
2023-05-24,20.614999771118164,20.709999084472656,20.579999923706055,20.709999084472656,932
2023-05-25,21.075000762939453,21.075000762939453,20.985000610351562,20.985000610351562,724
2023-05-26,21.690000534057617,21.795000076293945,21.049999237060547,21.049999237060547,6230
2023-05-29,21.75,21.774999618530273,21.665000915527344,21.690000534057617,509
2023-05-30,21.7549991607666,21.920000076293945,21.7549991607666,21.860000610351562,458
2023-05-31,21.405000686645508,21.56999969482422,21.405000686645508,21.56999969482422,1006
2023-06-01,21.5049991607666,21.510000228881836,21.354999542236328,21.354999542236328,465
2023-06-02,21.834999084472656,21.899999618530273,21.80500030517578,21.80500030517578,706
2023-06-05,21.795000076293945,21.809999465942383,21.7549991607666,21.795000076293945,1888
2023-06-06,21.93000030517578,21.93000030517578,21.8799991607666,21.8799991607666,456
2023-06-07,22.040000915527344,22.040000915527344,22.020000457763672,22.020000457763672,0
2023-06-08,21.774999618530273,21.80500030517578,21.68000030517578,21.80500030517578,1427
2023-06-09,21.924999237060547,22.024999618530273,21.81999969482422,21.81999969482422,454
2023-06-12,22.079999923706055,22.100000381469727,21.9950008392334,21.9950008392334,453
2023-06-13,22.43000030517578,22.469999313354492,22.344999313354492,22.344999313354492,474
2023-06-14,22.30500030517578,22.309999465942383,22.2549991607666,22.309999465942383,449
2023-06-15,22.219999313354492,22.295000076293945,22.219999313354492,22.295000076293945,0
2023-06-16,22.06999969482422,22.155000686645508,22.06999969482422,22.09000015258789,716
2023-06-19,21.9950008392334,22.094999313354492,21.9950008392334,22.020000457763672,203
2023-06-20,21.834999084472656,21.895000457763672,21.834999084472656,21.854999542236328,457
2023-06-21,21.6299991607666,22.25,21.579999923706055,22.25,3416
2023-06-22,21.690000534057617,21.690000534057617,21.424999237060547,21.424999237060547,0
2023-06-23,21.454999923706055,21.575000762939453,21.389999389648438,21.575000762939453,3574
2023-06-26,21.520000457763672,21.520000457763672,21.4950008392334,21.4950008392334,3
2023-06-27,21.364999771118164,21.385000228881836,21.290000915527344,21.34000015258789,1759
2023-06-28,21.399999618530273,21.399999618530273,21.299999237060547,21.299999237060547,0
2023-06-29,21.405000686645508,21.405000686645508,21.354999542236328,21.354999542236328,0
2023-06-30,21.450000762939453,21.4950008392334,21.40999984741211,21.40999984741211,24
2023-07-03,21.690000534057617,21.725000381469727,21.690000534057617,21.69499969482422,592
2023-07-04,21.809999465942383,21.844999313354492,21.770000457763672,21.770000457763672,67
2023-07-05,21.53499984741211,21.625,21.530000686645508,21.625,460
2023-07-06,20.959999084472656,21.399999618530273,20.959999084472656,21.399999618530273,490
2023-07-07,21.03499984741211,21.06999969482422,21.0049991607666,21.0049991607666,5
2023-07-10,20.844999313354492,21.059999465942383,20.834999084472656,21.059999465942383,147
2023-07-11,21.125,21.184999465942383,21.125,21.184999465942383,27
2023-07-12,21.3799991607666,21.3799991607666,21.219999313354492,21.260000228881836,0
2023-07-13,21.5,21.540000915527344,21.3799991607666,21.3799991607666,412
2023-07-14,21.639999389648438,21.639999389648438,21.6200008392334,21.6200008392334,0
2023-07-17,21.524999618530273,21.524999618530273,21.5,21.5,0
2023-07-18,21.514999389648438,21.514999389648438,21.424999237060547,21.424999237060547,0
2023-07-19,21.350000381469727,21.350000381469727,21.334999084472656,21.334999084472656,0
2023-07-20,21.174999237060547,21.420000076293945,21.174999237060547,21.420000076293945,2
2023-07-21,21.06999969482422,21.270000457763672,21.06999969482422,21.270000457763672,24
2023-07-24,21.354999542236328,21.354999542236328,21.06999969482422,21.06999969482422,0
2023-07-25,21.655000686645508,21.690000534057617,21.559999465942383,21.559999465942383,32
2023-07-26,21.53499984741211,21.549999237060547,21.43000030517578,21.549999237060547,0
2023-07-27,21.735000610351562,21.735000610351562,21.524999618530273,21.524999618530273,149
2023-07-28,21.895000457763672,21.895000457763672,21.71500015258789,21.71500015258789,457
2023-07-31,21.450000762939453,21.450000762939453,21.450000762939453,21.450000762939453,0
2023-08-01,21.5,21.594999313354492,21.5,21.55500030517578,0
2023-08-02,21.09000015258789,21.114999771118164,20.989999771118164,21.014999389648438,1818
2023-08-03,20.934999465942383,20.94499969482422,20.90999984741211,20.924999237060547,888
2023-08-04,21.079999923706055,21.274999618530273,21.059999465942383,21.125,1034
2023-08-07,21.219999313354492,21.344999313354492,21.219999313354492,21.34000015258789,859
2023-08-08,20.959999084472656,21.0,20.954999923706055,21.0,888
2023-08-09,20.975000381469727,21.15999984741211,20.975000381469727,21.15999984741211,444
2023-08-10,20.934999465942383,20.959999084472656,20.885000228881836,20.885000228881836,2
2023-08-11,20.719999313354492,20.81999969482422,20.719999313354492,20.81999969482422,0
2023-08-14,20.584999084472656,20.584999084472656,20.524999618530273,20.530000686645508,0
2023-08-15,20.415000915527344,20.530000686645508,20.415000915527344,20.530000686645508,0
2023-08-16,20.520000457763672,20.530000686645508,20.5049991607666,20.530000686645508,0
2023-08-17,20.649999618530273,20.68000030517578,20.6299991607666,20.645000457763672,13
2023-08-18,20.540000915527344,20.559999465942383,20.530000686645508,20.559999465942383,0
2023-08-21,20.469999313354492,20.469999313354492,20.459999084472656,20.469999313354492,0
2023-08-22,20.514999389648438,20.514999389648438,20.475000381469727,20.475000381469727,0
2023-08-23,20.844999313354492,20.844999313354492,20.725000381469727,20.725000381469727,250
2023-08-24,20.864999771118164,21.110000610351562,20.864999771118164,21.100000381469727,44
2023-08-25,20.75,20.75,20.729999542236328,20.729999542236328,0
2023-08-28,20.889999389648438,20.889999389648438,20.799999237060547,20.799999237060547,0
2023-08-29,21.045000076293945,21.045000076293945,20.920000076293945,20.920000076293945,0
2023-08-30,20.899999618530273,20.975000381469727,20.899999618530273,20.975000381469727,29
2023-08-31,20.829999923706055,20.829999923706055,20.75,20.75,0
2023-09-01,20.940000534057617,20.940000534057617,20.915000915527344,20.915000915527344,0
2023-09-04,21.15999984741211,21.270000457763672,21.15999984741211,21.18000030517578,472
2023-09-05,21.25,21.295000076293945,21.1200008392334,21.1200008392334,472
2023-09-06,21.1200008392334,21.174999237060547,21.1200008392334,21.139999389648438,2138
2023-09-07,20.84000015258789,20.959999084472656,20.729999542236328,20.954999923706055,1416
2023-09-08,20.924999237060547,20.924999237060547,20.8700008392334,20.8700008392334,0
2023-09-11,20.770000457763672,20.770000457763672,20.729999542236328,20.729999542236328,0
2023-09-12,20.899999618530273,20.920000076293945,20.899999618530273,20.915000915527344,0
2023-09-13,21.059999465942383,21.09000015258789,20.924999237060547,20.924999237060547,10
2023-09-14,21.489999771118164,21.899999618530273,21.350000381469727,21.350000381469727,516
2023-09-15,21.399999618530273,21.575000762939453,21.3700008392334,21.55500030517578,496
2023-09-18,21.280000686645508,21.344999313354492,21.2450008392334,21.295000076293945,473
2023-09-19,21.075000762939453,21.235000610351562,21.0,21.125,4348
2023-09-20,21.024999618530273,21.024999618530273,20.9950008392334,20.9950008392334,0
2023-09-21,20.594999313354492,20.594999313354492,20.59000015258789,20.59000015258789,0
2023-09-22,20.739999771118164,20.844999313354492,20.71500015258789,20.71500015258789,3
2023-09-25,20.940000534057617,20.940000534057617,20.825000762939453,20.885000228881836,57
2023-09-26,20.665000915527344,20.770000457763672,20.665000915527344,20.770000457763672,0
2023-09-27,20.764999389648438,20.774999618530273,20.71500015258789,20.71500015258789,0
2023-09-28,20.795000076293945,20.8700008392334,20.790000915527344,20.8700008392334,0
2023-09-29,20.854999542236328,20.959999084472656,20.854999542236328,20.959999084472656,0
2023-10-02,21.0049991607666,21.049999237060547,21.0049991607666,21.03499984741211,41
2023-10-03,20.8799991607666,21.010000228881836,20.8799991607666,21.010000228881836,0
2023-10-04,20.795000076293945,20.809999465942383,20.75,20.75,44
2023-10-05,20.934999465942383,21.045000076293945,20.934999465942383,21.014999389648438,12
2023-10-06,21.155000686645508,21.184999465942383,21.100000381469727,21.100000381469727,472
2023-10-09,21.170000076293945,21.209999084472656,21.149999618530273,21.19499969482422,559
2023-10-10,21.329999923706055,21.375,21.200000762939453,21.200000762939453,473
2023-10-11,21.315000534057617,21.385000228881836,21.315000534057617,21.3799991607666,468
2023-10-12,21.520000457763672,21.545000076293945,21.469999313354492,21.469999313354492,464
2023-10-13,21.46500015258789,21.524999618530273,21.46500015258789,21.524999618530273,465
2023-10-16,21.450000762939453,21.485000610351562,21.329999923706055,21.329999923706055,960
2023-10-17,21.190000534057617,21.424999237060547,20.9950008392334,21.30500030517578,3322
2023-10-18,20.844999313354492,20.899999618530273,20.844999313354492,20.899999618530273,0
2023-10-19,20.934999465942383,20.940000534057617,20.90999984741211,20.940000534057617,1410
2023-10-20,20.7549991607666,20.895000457763672,20.704999923706055,20.895000457763672,171
2023-10-23,20.579999923706055,20.579999923706055,20.295000076293945,20.579999923706055,1980
2023-10-24,20.739999771118164,20.739999771118164,20.184999465942383,20.184999465942383,7
2023-10-25,20.59000015258789,20.71500015258789,20.59000015258789,20.674999237060547,0
2023-10-26,20.399999618530273,20.399999618530273,20.329999923706055,20.354999542236328,0
2023-10-27,20.34000015258789,20.450000762939453,20.325000762939453,20.450000762939453,1
2023-10-30,20.3700008392334,20.469999313354492,20.3700008392334,20.469999313354492,444
2023-10-31,20.235000610351562,20.235000610351562,20.15999984741211,20.184999465942383,0
2023-11-01,20.479999542236328,20.479999542236328,20.2450008392334,20.2450008392334,0
2023-11-02,20.81999969482422,20.81999969482422,20.75,20.790000915527344,365
2023-11-03,20.94499969482422,20.94499969482422,20.875,20.94499969482422,0
2023-11-06,20.9950008392334,21.094999313354492,20.979999542236328,21.094999313354492,89
2023-11-07,21.155000686645508,21.155000686645508,21.0049991607666,21.0049991607666,0
2023-11-08,21.084999084472656,21.15999984741211,21.084999084472656,21.145000457763672,0
2023-11-09,21.225000381469727,21.225000381469727,21.190000534057617,21.190000534057617,0
2023-11-10,21.299999237060547,21.325000762939453,21.165000915527344,21.170000076293945,84
2023-11-13,21.364999771118164,21.375,21.350000381469727,21.350000381469727,0
2023-11-14,21.46500015258789,21.46500015258789,21.350000381469727,21.360000610351562,0
2023-11-15,21.584999084472656,21.674999237060547,21.520000457763672,21.520000457763672,74
2023-11-16,21.635000228881836,21.709999084472656,21.635000228881836,21.709999084472656,0
2023-11-17,21.71500015258789,21.809999465942383,21.71500015258789,21.80500030517578,0
2023-11-20,21.860000610351562,21.860000610351562,21.65999984741211,21.760000228881836,500
2023-11-21,22.145000457763672,22.165000915527344,22.145000457763672,22.165000915527344,0
2023-11-22,21.94499969482422,21.94499969482422,21.940000534057617,21.940000534057617,0
2023-11-23,21.940000534057617,22.079999923706055,21.940000534057617,22.079999923706055,246
2023-11-24,21.790000915527344,21.81999969482422,21.790000915527344,21.795000076293945,25
2023-11-27,21.709999084472656,21.709999084472656,21.674999237060547,21.674999237060547,0
2023-11-28,21.93000030517578,21.954999923706055,21.93000030517578,21.93000030517578,0
2023-11-29,22.190000534057617,22.190000534057617,22.079999923706055,22.079999923706055,0
2023-11-30,22.155000686645508,22.25,22.155000686645508,22.174999237060547,0
2023-12-01,22.2549991607666,22.290000915527344,22.100000381469727,22.100000381469727,9253
2023-12-04,22.2549991607666,22.2549991607666,22.2549991607666,22.2549991607666,0
2023-12-05,22.2549991607666,22.2549991607666,22.2549991607666,22.2549991607666,0
2023-12-06,22.2549991607666,22.2549991607666,22.2549991607666,22.2549991607666,0
2023-12-07,22.25,22.25,22.114999771118164,22.114999771118164,0
2023-12-08,22.375,22.53499984741211,21.815000534057617,22.30500030517578,8096
2023-12-11,22.5049991607666,22.5049991607666,22.334999084472656,22.334999084472656,106
2023-12-12,22.315000534057617,22.389999389648438,22.315000534057617,22.389999389648438,0
2023-12-13,22.329999923706055,22.34000015258789,22.325000762939453,22.325000762939453,0
2023-12-14,22.524999618530273,22.594999313354492,22.524999618530273,22.594999313354492,0
2023-12-15,22.56999969482422,22.594999313354492,22.53499984741211,22.53499984741211,832
2023-12-18,22.434999465942383,22.510000228881836,22.434999465942383,22.510000228881836,27
2023-12-19,22.424999237060547,22.424999237060547,22.354999542236328,22.354999542236328,658
2023-12-20,22.44499969482422,22.475000381469727,22.43000030517578,22.475000381469727,14
2023-12-21,22.3799991607666,22.3799991607666,22.315000534057617,22.315000534057617,0
2023-12-22,22.454999923706055,22.489999771118164,22.3700008392334,22.3700008392334,214
2023-12-27,22.825000762939453,22.969999313354492,22.825000762939453,22.969999313354492,43
2023-12-28,22.9950008392334,23.0,22.950000762939453,22.950000762939453,335
2023-12-29,23.110000610351562,23.110000610351562,23.05500030517578,23.06999969482422,50
2024-01-02,22.844999313354492,22.979999542236328,22.844999313354492,22.8700008392334,1962
2024-01-03,22.510000228881836,22.540000915527344,22.469999313354492,22.469999313354492,10
2024-01-04,22.454999923706055,22.530000686645508,22.454999923706055,22.530000686645508,8
2024-01-05,22.514999389648438,22.549999237060547,22.399999618530273,22.520000457763672,17
2024-01-08,22.670000076293945,22.690000534057617,22.520000457763672,22.6299991607666,396
2024-01-09,22.485000610351562,22.485000610351562,22.385000228881836,22.420000076293945,19
2024-01-10,22.295000076293945,22.375,22.295000076293945,22.375,0
2024-01-11,22.274999618530273,22.450000762939453,22.274999618530273,22.440000534057617,0
2024-01-12,22.34000015258789,22.34000015258789,22.2450008392334,22.2450008392334,3
2024-01-15,22.295000076293945,22.309999465942383,22.264999389648438,22.309999465942383,909
2024-01-16,22.045000076293945,22.045000076293945,21.889999389648438,21.924999237060547,0
2024-01-17,21.655000686645508,21.719999313354492,21.655000686645508,21.704999923706055,20
2024-01-18,22.110000610351562,22.264999389648438,21.905000686645508,21.905000686645508,996
2024-01-19,22.6299991607666,22.739999771118164,22.6299991607666,22.739999771118164,486
2024-01-22,22.834999084472656,22.854999542236328,22.81999969482422,22.854999542236328,378
2024-01-23,22.96500015258789,22.96500015258789,22.889999389648438,22.889999389648438,0
2024-01-24,23.104999542236328,23.104999542236328,22.96500015258789,23.040000915527344,57
2024-01-25,23.295000076293945,23.295000076293945,23.15999984741211,23.18000030517578,0
2024-01-26,23.299999237060547,23.405000686645508,23.235000610351562,23.235000610351562,1099
2024-01-29,23.524999618530273,23.565000534057617,23.475000381469727,23.475000381469727,888
2024-01-30,23.364999771118164,23.579999923706055,23.360000610351562,23.579999923706055,1566
2024-01-31,23.239999771118164,23.239999771118164,23.15999984741211,23.15999984741211,383
2024-02-01,23.1200008392334,23.15999984741211,23.1200008392334,23.135000228881836,444
2024-02-02,23.139999389648438,23.204999923706055,23.139999389648438,23.204999923706055,25
2024-02-05,23.354999542236328,23.375,23.31999969482422,23.31999969482422,0
2024-02-06,23.78499984741211,23.78499984741211,23.649999618530273,23.649999618530273,200
2024-02-07,23.860000610351562,23.860000610351562,23.709999084472656,23.709999084472656,0
2024-02-08,24.209999084472656,24.209999084472656,23.989999771118164,24.024999618530273,888
2024-02-09,24.204999923706055,24.489999771118164,24.204999923706055,24.450000762939453,102
2024-02-12,24.524999618530273,24.524999618530273,24.270000457763672,24.270000457763672,341
2024-02-13,24.010000228881836,24.545000076293945,24.010000228881836,24.545000076293945,233
2024-02-14,24.19499969482422,24.2450008392334,24.19499969482422,24.2450008392334,210
2024-02-15,24.219999313354492,24.290000915527344,24.21500015258789,24.21500015258789,0
2024-02-16,24.139999389648438,24.139999389648438,24.030000686645508,24.030000686645508,0
2024-02-19,24.1200008392334,24.1200008392334,24.049999237060547,24.049999237060547,85
2024-02-20,24.1200008392334,24.225000381469727,23.954999923706055,23.954999923706055,5
2024-02-21,23.93000030517578,24.0,23.93000030517578,24.0,61
2024-02-22,24.2549991607666,24.274999618530273,24.084999084472656,24.084999084472656,184
2024-02-23,24.149999618530273,24.264999389648438,24.100000381469727,24.264999389648438,15
2024-02-26,24.165000915527344,24.25,24.125,24.125,127
2024-02-27,24.110000610351562,24.31999969482422,24.09000015258789,24.31999969482422,43
2024-02-28,23.8799991607666,24.020000457763672,23.8799991607666,23.9950008392334,0
2024-02-29,24.15999984741211,24.15999984741211,24.09000015258789,24.135000228881836,0
2024-03-01,24.31999969482422,24.31999969482422,24.1299991607666,24.155000686645508,0
2024-03-04,24.674999237060547,24.795000076293945,24.674999237060547,24.674999237060547,575
2024-03-05,24.545000076293945,24.709999084472656,24.545000076293945,24.649999618530273,870
2024-03-06,25.024999618530273,25.024999618530273,24.80500030517578,24.80500030517578,201
2024-03-07,25.31999969482422,25.34000015258789,25.049999237060547,25.049999237060547,43
2024-03-08,25.514999389648438,25.729999542236328,25.434999465942383,25.434999465942383,130
2024-03-11,25.309999465942383,25.309999465942383,25.15999984741211,25.15999984741211,0
2024-03-12,25.635000228881836,25.635000228881836,25.514999389648438,25.514999389648438,229
2024-03-13,25.475000381469727,25.514999389648438,25.475000381469727,25.514999389648438,298
2024-03-14,25.524999618530273,25.549999237060547,25.524999618530273,25.549999237060547,50
2024-03-15,25.440000534057617,25.524999618530273,25.31999969482422,25.31999969482422,1
2024-03-18,25.55500030517578,25.665000915527344,25.530000686645508,25.530000686645508,146
2024-03-19,25.31999969482422,25.329999923706055,25.280000686645508,25.325000762939453,444
2024-03-20,25.264999389648438,25.325000762939453,25.18000030517578,25.18000030517578,366
2024-03-21,25.700000762939453,25.709999084472656,25.674999237060547,25.709999084472656,0
2024-03-22,25.834999084472656,25.834999084472656,25.68000030517578,25.68000030517578,888
2024-03-25,25.825000762939453,25.969999313354492,25.774999618530273,25.969999313354492,430
2024-03-26,25.665000915527344,25.665000915527344,25.31999969482422,25.31999969482422,2
2024-03-27,25.665000915527344,25.700000762939453,25.649999618530273,25.649999618530273,0
2024-03-28,25.850000381469727,25.875,25.78499984741211,25.78499984741211,188
2024-04-02,26.18000030517578,27.0,26.18000030517578,27.0,986
2024-04-03,25.975000381469727,25.989999771118164,25.864999771118164,25.864999771118164,40
2024-04-04,26.100000381469727,26.1299991607666,25.875,25.875,500
2024-04-05,25.665000915527344,25.665000915527344,25.665000915527344,25.665000915527344,0
2024-04-08,25.924999237060547,25.924999237060547,25.809999465942383,25.809999465942383,1
2024-04-09,26.334999084472656,26.389999389648438,26.334999084472656,26.354999542236328,30
2024-04-10,26.295000076293945,26.665000915527344,26.049999237060547,26.665000915527344,945
2024-04-11,26.315000534057617,26.315000534057617,26.235000610351562,26.290000915527344,0
2024-04-12,26.184999465942383,26.354999542236328,26.184999465942383,26.329999923706055,436
2024-04-15,25.985000610351562,26.110000610351562,25.985000610351562,26.0049991607666,3678
2024-04-16,25.06999969482422,25.084999084472656,25.05500030517578,25.084999084472656,517
2024-04-17,25.31999969482422,25.415000915527344,25.295000076293945,25.415000915527344,444
2024-04-18,25.270000457763672,25.299999237060547,25.1200008392334,25.299999237060547,895
2024-04-19,24.584999084472656,24.81999969482422,24.584999084472656,24.81999969482422,110
2024-04-22,24.40999984741211,24.40999984741211,24.334999084472656,24.334999084472656,51
2024-04-23,24.690000534057617,24.78499984741211,24.545000076293945,24.545000076293945,3
2024-04-24,24.854999542236328,24.989999771118164,24.854999542236328,24.989999771118164,0
2024-04-25,24.565000534057617,24.725000381469727,24.565000534057617,24.674999237060547,0
2024-04-26,25.190000534057617,25.190000534057617,25.079999923706055,25.079999923706055,0
2024-04-29,25.514999389648438,25.579999923706055,25.514999389648438,25.579999923706055,0
2024-04-30,25.3700008392334,25.434999465942383,25.3700008392334,25.434999465942383,213
2024-05-02,25.405000686645508,25.405000686645508,25.260000228881836,25.260000228881836,0
2024-05-03,25.71500015258789,25.71500015258789,25.475000381469727,25.549999237060547,0
2024-05-06,25.950000762939453,25.975000381469727,25.834999084472656,25.834999084472656,90
2024-05-07,25.889999389648438,25.889999389648438,25.850000381469727,25.860000610351562,200
2024-05-08,25.9950008392334,25.9950008392334,25.8700008392334,25.889999389648438,52
2024-05-09,25.954999923706055,25.954999923706055,25.895000457763672,25.895000457763672,0
2024-05-10,26.225000381469727,26.2549991607666,26.165000915527344,26.165000915527344,17
2024-05-13,26.274999618530273,26.309999465942383,26.260000228881836,26.309999465942383,1003
2024-05-14,26.5,26.549999237060547,26.434999465942383,26.549999237060547,768
2024-05-15,26.954999923706055,26.954999923706055,26.764999389648438,26.764999389648438,491
2024-05-16,26.860000610351562,26.979999542236328,26.860000610351562,26.979999542236328,554
2024-05-17,26.75,26.780000686645508,26.75,26.770000457763672,0
2024-05-20,26.774999618530273,26.774999618530273,26.665000915527344,26.690000534057617,330
2024-05-21,26.625,26.709999084472656,26.559999465942383,26.709999084472656,504
2024-05-22,27.065000534057617,27.18000030517578,26.94499969482422,26.94499969482422,6953
2024-05-23,27.229999542236328,27.395000457763672,27.219999313354492,27.350000381469727,1375
2024-05-24,27.3700008392334,27.520000457763672,27.295000076293945,27.354999542236328,2374
2024-05-27,27.709999084472656,27.709999084472656,27.69499969482422,27.69499969482422,0
2024-05-28,27.645000457763672,27.764999389648438,27.639999389648438,27.764999389648438,0
2024-05-29,27.135000228881836,27.31999969482422,27.1299991607666,27.31999969482422,205
2024-05-30,27.040000915527344,27.045000076293945,26.915000915527344,26.915000915527344,0
2024-05-31,26.350000381469727,26.614999771118164,26.350000381469727,26.559999465942383,2275
2024-06-03,26.825000762939453,27.06999969482422,26.825000762939453,27.020000457763672,51
2024-06-04,26.510000228881836,26.78499984741211,26.434999465942383,26.78499984741211,4162
2024-06-05,27.364999771118164,27.364999771118164,26.969999313354492,26.969999313354492,1350
2024-06-06,27.424999237060547,27.579999923706055,27.385000228881836,27.520000457763672,1538
2024-06-07,27.469999313354492,27.469999313354492,27.350000381469727,27.459999084472656,540
2024-06-10,27.645000457763672,27.670000076293945,27.475000381469727,27.485000610351562,401
2024-06-11,27.479999542236328,27.674999237060547,27.299999237060547,27.674999237060547,677
2024-06-12,28.174999237060547,28.204999923706055,27.985000610351562,28.06999969482422,681
2024-06-13,28.2549991607666,28.31999969482422,28.145000457763672,28.145000457763672,946
2024-06-14,28.625,28.625,28.55500030517578,28.55500030517578,0
2024-06-17,28.7549991607666,28.7549991607666,28.56999969482422,28.56999969482422,58
2024-06-18,29.225000381469727,29.225000381469727,29.094999313354492,29.094999313354492,47
2024-06-19,29.65999984741211,29.719999313354492,29.579999923706055,29.719999313354492,2304
2024-06-20,29.7450008392334,29.959999084472656,29.674999237060547,29.889999389648438,3110
2024-06-21,29.594999313354492,29.729999542236328,29.549999237060547,29.729999542236328,1711
2024-06-24,29.235000610351562,29.295000076293945,29.235000610351562,29.235000610351562,2004
2024-06-25,28.989999771118164,29.260000228881836,28.989999771118164,29.170000076293945,1133
2024-06-26,29.010000228881836,29.145000457763672,29.0,29.145000457763672,70
2024-06-27,29.209999084472656,29.2450008392334,29.100000381469727,29.100000381469727,260
2024-06-28,29.3700008392334,29.405000686645508,29.264999389648438,29.354999542236328,1484
2024-07-01,29.1299991607666,29.225000381469727,29.09000015258789,29.225000381469727,378
2024-07-02,29.19499969482422,29.200000762939453,28.940000534057617,29.075000762939453,1921
2024-07-03,29.510000228881836,29.510000228881836,29.219999313354492,29.219999313354492,281
2024-07-04,29.8700008392334,30.024999618530273,29.815000534057617,29.815000534057617,499
2024-07-05,29.709999084472656,29.81999969482422,29.649999618530273,29.71500015258789,626
2024-07-08,30.2450008392334,30.360000610351562,30.174999237060547,30.174999237060547,732
2024-07-09,30.190000534057617,30.299999237060547,30.190000534057617,30.270000457763672,2374
2024-07-10,30.610000610351562,30.610000610351562,30.454999923706055,30.559999465942383,862
2024-07-11,30.6200008392334,30.8700008392334,30.6200008392334,30.850000381469727,444
2024-07-12,30.395000457763672,30.454999923706055,30.200000762939453,30.325000762939453,2342
2024-07-15,30.079999923706055,30.18000030517578,30.059999465942383,30.104999542236328,1053
2024-07-16,30.139999389648438,30.149999618530273,30.059999465942383,30.135000228881836,226
2024-07-17,29.290000915527344,29.704999923706055,29.260000228881836,29.704999923706055,979
2024-07-18,28.725000381469727,29.649999618530273,28.725000381469727,29.649999618530273,1072
2024-07-19,28.424999237060547,28.545000076293945,28.40999984741211,28.545000076293945,277
2024-07-22,27.96500015258789,27.96500015258789,27.8799991607666,27.8799991607666,0
2024-07-23,28.530000686645508,28.530000686645508,28.344999313354492,28.360000610351562,1786
2024-07-24,27.985000610351562,28.415000915527344,27.979999542236328,28.149999618530273,870
2024-07-25,27.729999542236328,27.729999542236328,27.4950008392334,27.665000915527344,496
2024-07-26,27.684999465942383,27.735000610351562,27.684999465942383,27.735000610351562,92
2024-07-29,27.375,27.729999542236328,27.079999923706055,27.684999465942383,458
2024-07-30,27.514999389648438,27.889999389648438,27.514999389648438,27.825000762939453,376
2024-07-31,28.28499984741211,28.28499984741211,28.06999969482422,28.06999969482422,0
2024-08-01,27.989999771118164,28.3799991607666,27.989999771118164,28.204999923706055,180
2024-08-02,26.219999313354492,26.8799991607666,26.219999313354492,26.8799991607666,1070
2024-08-05,24.899999618530273,24.899999618530273,24.440000534057617,24.5,593
2024-08-06,25.325000762939453,25.434999465942383,25.18000030517578,25.40999984741211,1830
2024-08-07,26.415000915527344,26.6200008392334,26.059999465942383,26.059999465942383,2086
2024-08-08,26.739999771118164,26.739999771118164,25.985000610351562,25.985000610351562,980
2024-08-09,27.270000457763672,27.364999771118164,27.270000457763672,27.364999771118164,1500
2024-08-12,27.389999389648438,27.450000762939453,27.174999237060547,27.174999237060547,33
2024-08-13,27.639999389648438,27.639999389648438,27.350000381469727,27.350000381469727,0
2024-08-14,27.655000686645508,27.915000915527344,27.5049991607666,27.645000457763672,1458
2024-08-15,27.829999923706055,27.829999923706055,27.299999237060547,27.350000381469727,8
2024-08-16,27.989999771118164,28.079999923706055,27.93000030517578,28.049999237060547,20
2024-08-19,28.28499984741211,28.28499984741211,28.1200008392334,28.1200008392334,1
2024-08-20,28.094999313354492,28.334999084472656,28.094999313354492,28.2549991607666,176
2024-08-21,27.96500015258789,27.96500015258789,27.825000762939453,27.829999923706055,110
2024-08-22,27.71500015258789,27.975000381469727,27.71500015258789,27.729999542236328,0
2024-08-23,28.020000457763672,28.020000457763672,27.799999237060547,27.799999237060547,444
2024-08-26,27.780000686645508,27.985000610351562,27.780000686645508,27.985000610351562,0
2024-08-27,27.78499984741211,27.860000610351562,27.575000762939453,27.575000762939453,145
2024-08-28,28.049999237060547,28.309999465942383,27.760000228881836,27.760000228881836,4381
2024-08-29,28.375,28.375,27.885000228881836,27.885000228881836,1096
2024-08-30,27.899999618530273,28.059999465942383,27.875,28.059999465942383,556
2024-09-02,27.915000915527344,27.954999923706055,27.844999313354492,27.844999313354492,959
2024-09-03,27.270000457763672,27.81999969482422,27.155000686645508,27.71500015258789,3876
2024-09-04,26.719999313354492,26.764999389648438,26.5,26.5,243
2024-09-05,26.7549991607666,27.1299991607666,26.75,26.864999771118164,810
2024-09-06,26.270000457763672,26.71500015258789,26.270000457763672,26.71500015258789,498
2024-09-09,26.670000076293945,26.670000076293945,26.485000610351562,26.485000610351562,1468
2024-09-10,26.350000381469727,26.364999771118164,26.299999237060547,26.364999771118164,105
2024-09-11,26.46500015258789,26.690000534057617,26.264999389648438,26.450000762939453,2941
2024-09-12,27.209999084472656,27.309999465942383,27.209999084472656,27.280000686645508,1236
2024-09-13,27.43000030517578,27.44499969482422,27.264999389648438,27.264999389648438,1524
2024-09-16,27.204999923706055,27.645000457763672,27.204999923706055,27.645000457763672,5
2024-09-17,27.375,27.375,27.25,27.25,39
2024-09-18,27.084999084472656,27.299999237060547,27.065000534057617,27.065000534057617,766
2024-09-19,27.690000534057617,27.690000534057617,27.479999542236328,27.479999542236328,2
2024-09-20,27.545000076293945,27.625,27.545000076293945,27.55500030517578,200
2024-09-23,27.825000762939453,27.825000762939453,27.684999465942383,27.729999542236328,110
2024-09-24,28.440000534057617,28.440000534057617,28.059999465942383,28.059999465942383,207
2024-09-25,28.670000076293945,28.729999542236328,28.334999084472656,28.334999084472656,207
2024-09-26,29.09000015258789,29.219999313354492,28.799999237060547,28.799999237060547,240
2024-09-27,28.850000381469727,29.09000015258789,28.850000381469727,29.09000015258789,2779
2024-09-30,27.915000915527344,28.395000457763672,27.915000915527344,28.395000457763672,5
2024-10-01,27.8799991607666,28.3700008392334,27.834999084472656,28.325000762939453,1058
2024-10-02,28.18000030517578,28.18000030517578,27.774999618530273,27.774999618530273,9624
2024-10-03,28.155000686645508,28.155000686645508,27.889999389648438,28.094999313354492,994
2024-10-04,28.25,28.489999771118164,28.170000076293945,28.18000030517578,229
2024-10-07,28.55500030517578,28.700000762939453,28.485000610351562,28.700000762939453,40
2024-10-08,28.81999969482422,28.81999969482422,28.399999618530273,28.549999237060547,221
2024-10-09,28.850000381469727,28.854999542236328,28.719999313354492,28.854999542236328,376
2024-10-10,28.959999084472656,28.96500015258789,28.770000457763672,28.96500015258789,449
2024-10-11,29.135000228881836,29.135000228881836,28.795000076293945,28.795000076293945,475
2024-10-14,29.415000915527344,29.510000228881836,29.204999923706055,29.204999923706055,631
2024-10-15,29.235000610351562,29.665000915527344,29.235000610351562,29.665000915527344,316
2024-10-16,29.635000228881836,29.635000228881836,29.309999465942383,29.309999465942383,44
2024-10-17,30.579999923706055,30.59000015258789,29.934999465942383,29.934999465942383,603
2024-10-18,30.594999313354492,30.729999542236328,30.334999084472656,30.334999084472656,373
2024-10-21,30.219999313354492,30.549999237060547,30.219999313354492,30.229999542236328,1862
2024-10-22,30.420000076293945,30.545000076293945,30.34000015258789,30.479999542236328,61
2024-10-23,30.25,30.364999771118164,30.190000534057617,30.190000534057617,133
2024-10-24,30.094999313354492,30.184999465942383,30.094999313354492,30.184999465942383,1
2024-10-25,30.549999237060547,30.594999313354492,30.010000228881836,30.290000915527344,325
2024-10-28,30.0049991607666,30.424999237060547,30.0049991607666,30.424999237060547,191
2024-10-29,29.899999618530273,29.959999084472656,29.71500015258789,29.875,448
2024-10-30,29.545000076293945,29.899999618530273,29.540000915527344,29.899999618530273,364
2024-10-31,28.885000228881836,29.459999084472656,28.795000076293945,29.459999084472656,2800
2024-11-01,29.625,29.645000457763672,29.434999465942383,29.485000610351562,90
2024-11-04,29.760000228881836,29.8700008392334,29.704999923706055,29.809999465942383,843
2024-11-05,30.024999618530273,30.024999618530273,29.84000015258789,29.84000015258789,970
2024-11-06,29.829999923706055,30.239999771118164,29.729999542236328,30.040000915527344,3755
2024-11-07,30.4950008392334,30.4950008392334,30.065000534057617,30.065000534057617,167
2024-11-08,30.530000686645508,30.770000457763672,30.415000915527344,30.770000457763672,1139
2024-11-11,30.05500030517578,30.44499969482422,30.0049991607666,30.334999084472656,5315
2024-11-12,29.65999984741211,29.864999771118164,29.399999618530273,29.864999771118164,1270
2024-11-13,29.80500030517578,29.989999771118164,29.65999984741211,29.860000610351562,2444
2024-11-14,29.690000534057617,29.739999771118164,29.600000381469727,29.600000381469727,2
2024-11-15,29.545000076293945,29.81999969482422,29.545000076293945,29.690000534057617,97
2024-11-18,29.46500015258789,29.530000686645508,29.225000381469727,29.530000686645508,512
2024-11-19,29.829999923706055,29.844999313354492,29.665000915527344,29.844999313354492,289
2024-11-20,29.610000610351562,29.7549991607666,29.610000610351562,29.7549991607666,51
2024-11-21,29.760000228881836,29.770000457763672,29.25,29.30500030517578,134
2024-11-22,30.389999389648438,30.440000534057617,30.31999969482422,30.31999969482422,61
2024-11-25,30.065000534057617,30.344999313354492,30.0,30.344999313354492,2826
2024-11-26,29.825000762939453,29.8700008392334,29.6200008392334,29.8700008392334,4357
2024-11-27,28.875,29.360000610351562,28.854999542236328,29.280000686645508,96
2024-11-28,28.915000915527344,29.280000686645508,28.915000915527344,29.280000686645508,2
2024-11-29,29.329999923706055,29.329999923706055,28.764999389648438,28.764999389648438,185
2024-12-02,30.155000686645508,30.165000915527344,29.75,29.760000228881836,259
2024-12-03,29.975000381469727,30.219999313354492,29.885000228881836,30.204999923706055,635
2024-12-04,30.53499984741211,30.625,30.280000686645508,30.280000686645508,377
2024-12-05,30.549999237060547,30.795000076293945,30.485000610351562,30.795000076293945,275
2024-12-06,30.350000381469727,30.579999923706055,30.299999237060547,30.579999923706055,214
2024-12-09,30.524999618530273,30.665000915527344,30.524999618530273,30.665000915527344,1037
2024-12-10,30.139999389648438,30.424999237060547,30.079999923706055,30.424999237060547,1289
2024-12-11,30.329999923706055,30.329999923706055,29.920000076293945,29.920000076293945,5982
2024-12-12,30.209999084472656,30.295000076293945,30.200000762939453,30.295000076293945,2
2024-12-13,30.415000915527344,30.604999542236328,30.350000381469727,30.604999542236328,205
2024-12-16,30.350000381469727,30.5,30.350000381469727,30.385000228881836,274
2024-12-17,30.280000686645508,30.299999237060547,30.280000686645508,30.299999237060547,0
2024-12-18,30.719999313354492,30.729999542236328,30.5049991607666,30.69499969482422,600
2024-12-19,30.389999389648438,30.43000030517578,30.325000762939453,30.389999389648438,224
2024-12-20,30.334999084472656,30.334999084472656,29.889999389648438,29.889999389648438,1083
2024-12-23,30.6299991607666,30.770000457763672,30.34000015258789,30.770000457763672,449
2024-12-27,30.424999237060547,30.59000015258789,30.260000228881836,30.485000610351562,395
2024-12-30,30.139999389648438,30.360000610351562,30.139999389648438,30.295000076293945,24
2025-01-02,30.524999618530273,30.524999618530273,29.985000610351562,29.985000610351562,1020
2025-01-03,30.53499984741211,30.625,30.395000457763672,30.5,2498
2025-01-06,31.375,31.485000610351562,30.56999969482422,30.56999969482422,259
2025-01-07,31.28499984741211,31.5,31.28499984741211,31.399999618530273,365
2025-01-08,30.969999313354492,31.045000076293945,30.94499969482422,30.94499969482422,664
2025-01-09,30.780000686645508,30.809999465942383,30.55500030517578,30.565000534057617,1461
2025-01-10,30.30500030517578,30.739999771118164,30.235000610351562,30.739999771118164,1916
2025-01-13,29.799999237060547,30.05500030517578,29.709999084472656,30.05500030517578,1287
2025-01-14,29.899999618530273,30.125,29.899999618530273,30.06999969482422,0
2025-01-15,30.190000534057617,30.270000457763672,29.684999465942383,29.704999923706055,4995
2025-01-16,30.7549991607666,30.889999389648438,30.440000534057617,30.440000534057617,616
2025-01-17,30.889999389648438,30.90999984741211,30.274999618530273,30.600000381469727,1762
2025-01-20,30.78499984741211,31.079999923706055,30.774999618530273,31.059999465942383,939
2025-01-21,30.924999237060547,30.979999542236328,30.770000457763672,30.770000457763672,218
2025-01-22,31.110000610351562,31.110000610351562,30.94499969482422,30.94499969482422,11
2025-01-23,31.25,31.25,30.969999313354492,31.075000762939453,2864
2025-01-24,31.114999771118164,31.424999237060547,31.0,31.21500015258789,657
2025-01-27,29.219999313354492,29.635000228881836,28.8799991607666,29.635000228881836,1230
2025-01-28,29.510000228881836,29.575000762939453,28.9950008392334,28.9950008392334,271
2025-01-29,29.799999237060547,30.030000686645508,29.799999237060547,30.030000686645508,392
2025-01-30,30.155000686645508,30.170000076293945,30.094999313354492,30.094999313354492,15
2025-01-31,30.579999923706055,30.674999237060547,30.295000076293945,30.295000076293945,202
2025-02-03,30.170000076293945,30.3799991607666,29.940000534057617,30.3799991607666,69
2025-02-04,30.440000534057617,30.485000610351562,30.024999618530273,30.100000381469727,150
2025-02-05,30.395000457763672,30.395000457763672,30.18000030517578,30.2450008392334,9
2025-02-06,30.565000534057617,30.829999923706055,30.424999237060547,30.424999237060547,2
2025-02-07,30.725000381469727,31.125,30.725000381469727,30.864999771118164,458
2025-02-10,30.94499969482422,30.94499969482422,30.854999542236328,30.875,13
2025-02-11,30.834999084472656,31.084999084472656,30.739999771118164,30.795000076293945,683
2025-02-12,30.514999389648438,30.75,30.514999389648438,30.665000915527344,519
2025-02-13,30.68000030517578,30.700000762939453,30.46500015258789,30.584999084472656,1809
2025-02-14,30.30500030517578,30.354999542236328,30.200000762939453,30.334999084472656,1654
2025-02-17,30.760000228881836,30.780000686645508,30.7450008392334,30.764999389648438,181
2025-02-18,30.924999237060547,30.950000762939453,30.899999618530273,30.950000762939453,0
2025-02-19,30.9950008392334,31.0049991607666,30.65999984741211,30.65999984741211,17
2025-02-20,30.7549991607666,31.014999389648438,30.7549991607666,30.844999313354492,30
2025-02-21,30.934999465942383,31.020000457763672,30.934999465942383,30.975000381469727,331
2025-02-24,30.584999084472656,30.78499984741211,30.5,30.700000762939453,222
2025-02-25,30.114999771118164,30.6200008392334,30.114999771118164,30.6200008392334,53
2025-02-26,30.770000457763672,30.795000076293945,30.579999923706055,30.579999923706055,40
2025-02-27,30.110000610351562,30.399999618530273,30.110000610351562,30.274999618530273,0
2025-02-28,29.469999313354492,29.674999237060547,29.34000015258789,29.665000915527344,1045
2025-03-03,29.315000534057617,29.735000610351562,29.264999389648438,29.735000610351562,229
2025-03-04,28.985000610351562,29.235000610351562,28.90999984741211,29.235000610351562,314
2025-03-05,28.80500030517578,29.295000076293945,28.80500030517578,28.979999542236328,1026
2025-03-06,28.489999771118164,28.829999923706055,28.3799991607666,28.829999923706055,668
2025-03-07,28.110000610351562,28.454999923706055,28.110000610351562,28.405000686645508,297
2025-03-10,27.774999618530273,28.299999237060547,27.774999618530273,28.299999237060547,324
2025-03-11,27.469999313354492,27.700000762939453,27.334999084472656,27.684999465942383,1751
2025-03-12,27.9950008392334,27.9950008392334,27.80500030517578,27.829999923706055,983
2025-03-13,27.485000610351562,27.780000686645508,27.475000381469727,27.5049991607666,99
2025-03-14,27.719999313354492,27.770000457763672,27.399999618530273,27.469999313354492,122
2025-03-17,27.770000457763672,27.834999084472656,27.610000610351562,27.709999084472656,637
2025-03-18,27.68000030517578,27.954999923706055,27.645000457763672,27.725000381469727,30
2025-03-19,27.684999465942383,27.71500015258789,27.454999923706055,27.454999923706055,436
2025-03-20,27.854999542236328,28.0049991607666,27.7549991607666,27.94499969482422,157
2025-03-21,27.875,27.975000381469727,27.68000030517578,27.815000534057617,141
2025-03-24,28.065000534057617,28.100000381469727,27.844999313354492,28.079999923706055,156
2025-03-25,28.114999771118164,28.19499969482422,28.024999618530273,28.100000381469727,662
2025-03-26,27.885000228881836,28.344999313354492,27.850000381469727,28.344999313354492,134
2025-03-27,27.579999923706055,27.84000015258789,27.579999923706055,27.84000015258789,92
2025-03-28,26.649999618530273,27.264999389648438,26.649999618530273,27.110000610351562,273
2025-03-31,26.229999542236328,26.260000228881836,25.96500015258789,26.2450008392334,20
2025-04-01,26.69499969482422,26.69499969482422,26.43000030517578,26.649999618530273,1684
2025-04-02,26.825000762939453,26.834999084472656,26.700000762939453,26.829999923706055,429
2025-04-03,25.290000915527344,25.889999389648438,25.18000030517578,25.834999084472656,50
2025-04-04,24.065000534057617,25.170000076293945,24.059999465942383,25.010000228881836,101
2025-04-07,23.049999237060547,24.059999465942383,21.860000610351562,24.059999465942383,1575
2025-04-08,23.469999313354492,23.559999465942383,22.790000915527344,23.114999771118164,701
2025-04-09,21.600000381469727,23.100000381469727,21.469999313354492,23.100000381469727,2477
2025-04-10,23.190000534057617,24.239999771118164,23.190000534057617,24.239999771118164,4123
2025-04-11,23.9950008392334,24.045000076293945,23.6200008392334,23.829999923706055,719
2025-04-14,24.204999923706055,24.260000228881836,24.014999389648438,24.204999923706055,807
2025-04-15,24.53499984741211,24.53499984741211,24.31999969482422,24.375,992
2025-04-16,23.94499969482422,23.94499969482422,23.7450008392334,23.7450008392334,442
2025-04-17,23.69499969482422,23.9950008392334,23.639999389648438,23.9950008392334,349
2025-04-22,23.110000610351562,23.110000610351562,22.850000381469727,23.010000228881836,67
2025-04-23,24.0,24.149999618530273,23.934999465942383,24.079999923706055,159
2025-04-24,24.21500015258789,24.21500015258789,23.729999542236328,23.94499969482422,1280
2025-04-25,24.2549991607666,24.565000534057617,24.239999771118164,24.565000534057617,237
2025-04-28,24.440000534057617,24.735000610351562,24.360000610351562,24.735000610351562,777
2025-04-29,24.764999389648438,24.905000686645508,24.735000610351562,24.735000610351562,592
2025-04-30,25.059999465942383,25.364999771118164,24.809999465942383,24.905000686645508,1313
2025-05-02,26.979999542236328,27.149999618530273,26.44499969482422,26.44499969482422,663
2025-05-05,28.229999542236328,28.264999389648438,27.65999984741211,27.725000381469727,786
2025-05-06,27.44499969482422,27.44499969482422,27.05500030517578,27.05500030517578,2217
2025-05-07,26.924999237060547,27.06999969482422,26.924999237060547,26.985000610351562,456
2025-05-08,27.30500030517578,27.30500030517578,27.125,27.145000457763672,145
2025-05-09,27.709999084472656,27.844999313354492,27.68000030517578,27.844999313354492,257
2025-05-12,28.639999389648438,28.739999771118164,28.5,28.684999465942383,833
2025-05-13,28.665000915527344,28.75,28.440000534057617,28.454999923706055,462
2025-05-14,29.010000228881836,29.010000228881836,28.18000030517578,28.18000030517578,444
2025-05-15,29.079999923706055,29.079999923706055,28.90999984741211,28.90999984741211,595
2025-05-16,29.21500015258789,29.229999542236328,29.155000686645508,29.155000686645508,39
2025-05-19,28.815000534057617,28.815000534057617,28.485000610351562,28.545000076293945,963
2025-05-20,28.600000381469727,28.665000915527344,28.540000915527344,28.540000915527344,34
2025-05-21,28.940000534057617,29.024999618530273,28.700000762939453,28.725000381469727,65
2025-05-22,28.655000686645508,28.68000030517578,28.559999465942383,28.68000030517578,16
2025-05-23,28.43000030517578,28.829999923706055,28.274999618530273,28.389999389648438,45
2025-05-26,28.479999542236328,28.604999542236328,28.399999618530273,28.604999542236328,581
2025-05-27,28.5049991607666,28.55500030517578,28.190000534057617,28.30500030517578,793
2025-05-28,28.545000076293945,28.545000076293945,28.469999313354492,28.514999389648438,81
2025-05-29,28.049999237060547,28.684999465942383,28.049999237060547,28.545000076293945,1215
2025-05-30,27.8700008392334,28.155000686645508,27.8700008392334,28.014999389648438,421
2025-06-02,27.764999389648438,27.899999618530273,27.655000686645508,27.899999618530273,148
2025-06-03,28.190000534057617,28.190000534057617,27.799999237060547,27.799999237060547,594
2025-06-04,28.46500015258789,28.55500030517578,28.424999237060547,28.434999465942383,1
2025-06-05,28.684999465942383,28.684999465942383,28.459999084472656,28.459999084472656,226
2025-06-06,28.71500015258789,28.780000686645508,28.514999389648438,28.610000610351562,8
2025-06-09,28.920000076293945,28.954999923706055,28.790000915527344,28.809999465942383,585
2025-06-10,29.31999969482422,29.559999465942383,29.170000076293945,29.260000228881836,16
2025-06-11,29.575000762939453,29.71500015258789,29.524999618530273,29.524999618530273,11
2025-06-12,29.530000686645508,29.575000762939453,29.360000610351562,29.540000915527344,5
2025-06-13,29.399999618530273,29.450000762939453,29.270000457763672,29.450000762939453,429
2025-06-16,29.565000534057617,29.565000534057617,29.2549991607666,29.290000915527344,3
2025-06-17,29.44499969482422,29.44499969482422,29.280000686645508,29.354999542236328,456
2025-06-18,29.579999923706055,29.65999984741211,29.4950008392334,29.65999984741211,49
2025-06-19,29.059999465942383,29.4950008392334,29.059999465942383,29.4950008392334,472
2025-06-20,28.94499969482422,29.385000228881836,28.94499969482422,29.260000228881836,1478
2025-06-23,28.780000686645508,28.850000381469727,28.68000030517578,28.7450008392334,1533
2025-06-24,29.579999923706055,29.579999923706055,29.309999465942383,29.309999465942383,796
2025-06-25,29.895000457763672,30.030000686645508,29.834999084472656,30.030000686645508,3036
2025-06-26,29.934999465942383,30.094999313354492,29.875,30.094999313354492,2074
2025-06-27,30.024999618530273,30.295000076293945,29.924999237060547,30.114999771118164,3650
2025-06-30,29.674999237060547,29.770000457763672,29.600000381469727,29.665000915527344,660
2025-07-01,29.815000534057617,30.045000076293945,29.815000534057617,29.979999542236328,821
2025-07-02,30.1299991607666,30.190000534057617,29.834999084472656,30.014999389648438,653
2025-07-03,30.84000015258789,30.84000015258789,30.450000762939453,30.639999389648438,610
2025-07-04,30.0049991607666,30.165000915527344,29.920000076293945,30.165000915527344,139
2025-07-07,29.9950008392334,30.149999618530273,29.940000534057617,29.940000534057617,191
2025-07-08,29.864999771118164,29.905000686645508,29.80500030517578,29.854999542236328,1409
2025-07-09,30.139999389648438,30.350000381469727,30.09000015258789,30.104999542236328,2552
2025-07-10,30.485000610351562,30.485000610351562,30.360000610351562,30.360000610351562,66
2025-07-11,30.469999313354492,30.639999389648438,30.454999923706055,30.639999389648438,171
2025-07-14,30.235000610351562,30.280000686645508,30.139999389648438,30.280000686645508,915
2025-07-15,30.719999313354492,30.7450008392334,30.594999313354492,30.625,369
2025-07-16,30.655000686645508,30.940000534057617,30.655000686645508,30.940000534057617,31
2025-07-17,31.420000076293945,31.420000076293945,31.334999084472656,31.334999084472656,1
2025-07-18,31.1299991607666,31.344999313354492,31.059999465942383,31.329999923706055,375
2025-07-21,31.2549991607666,31.2549991607666,31.1299991607666,31.2450008392334,1209
2025-07-22,30.655000686645508,30.80500030517578,30.6200008392334,30.80500030517578,2668
2025-07-23,31.020000457763672,31.05500030517578,30.905000686645508,30.905000686645508,75
2025-07-24,30.934999465942383,31.149999618530273,30.899999618530273,31.149999618530273,29
2025-07-25,31.03499984741211,31.06999969482422,30.875,30.905000686645508,1451
2025-07-28,31.1200008392334,31.165000915527344,31.030000686645508,31.110000610351562,1019
2025-07-29,31.06999969482422,31.149999618530273,31.0,31.075000762939453,1439
2025-07-30,31.295000076293945,31.3799991607666,31.21500015258789,31.21500015258789,197
2025-07-31,31.44499969482422,31.829999923706055,31.44499969482422,31.700000762939453,296
2025-08-01,31.040000915527344,31.420000076293945,30.899999618530273,31.420000076293945,5316
2025-08-04,31.040000915527344,31.084999084472656,30.9950008392334,31.045000076293945,3085
2025-08-05,31.149999618530273,31.434999465942383,31.149999618530273,31.415000915527344,362
2025-08-06,30.885000228881836,31.094999313354492,30.825000762939453,31.094999313354492,1163
2025-08-07,31.799999237060547,31.905000686645508,31.655000686645508,31.655000686645508,478
2025-08-08,31.71500015258789,31.764999389648438,31.709999084472656,31.764999389648438,287
2025-08-11,32.02000045776367,32.06999969482422,31.850000381469727,31.905000686645508,1277
2025-08-12,32.099998474121094,32.099998474121094,31.924999237060547,32.0099983215332,139
2025-08-13,31.989999771118164,32.10499954223633,31.975000381469727,32.08000183105469,563
2025-08-14,31.895000457763672,31.915000915527344,31.854999542236328,31.854999542236328,454
2025-08-15,31.7450008392334,31.959999084472656,31.7450008392334,31.959999084472656,379
2025-08-18,32.0099983215332,32.06999969482422,31.985000610351562,31.9950008392334,1004
2025-08-19,31.774999618530273,31.905000686645508,31.774999618530273,31.905000686645508,334
2025-08-20,30.875,30.9950008392334,30.700000762939453,30.989999771118164,1843
2025-08-21,31.040000915527344,31.065000534057617,30.825000762939453,30.940000534057617,87
2025-08-22,31.260000228881836,31.260000228881836,30.899999618530273,30.899999618530273,131
2025-08-25,31.274999618530273,31.299999237060547,31.155000686645508,31.2549991607666,429
2025-08-26,31.389999389648438,31.415000915527344,31.30500030517578,31.30500030517578,42
2025-08-27,31.6299991607666,31.6299991607666,31.479999542236328,31.579999923706055,1256
2025-08-28,31.549999237060547,31.549999237060547,31.395000457763672,31.40999984741211,8
2025-08-29,30.864999771118164,31.2450008392334,30.854999542236328,31.2450008392334,52
2025-09-01,30.875,30.875,30.68000030517578,30.709999084472656,915
2025-09-02,30.450000762939453,30.764999389648438,30.43000030517578,30.725000381469727,1998
2025-09-03,30.920000076293945,31.030000686645508,30.920000076293945,30.920000076293945,132
2025-09-04,31.100000381469727,31.100000381469727,31.0,31.0049991607666,17
2025-09-05,31.364999771118164,31.514999389648438,31.200000762939453,31.479999542236328,555
2025-09-08,31.7450008392334,31.7450008392334,31.584999084472656,31.635000228881836,11
2025-09-09,32.18000030517578,32.220001220703125,32.029998779296875,32.060001373291016,247
2025-09-10,33.01499938964844,33.01499938964844,32.775001525878906,32.775001525878906,336
2025-09-11,33.03499984741211,33.04999923706055,32.959999084472656,32.974998474121094,65
2025-09-12,33.04499816894531,33.18000030517578,33.025001525878906,33.095001220703125,426
2025-09-15,33.209999084472656,33.2400016784668,32.9900016784668,32.9900016784668,96
2025-09-16,33.099998474121094,33.48500061035156,33.099998474121094,33.33000183105469,461
2025-09-17,33.20500183105469,33.20500183105469,33.064998626708984,33.064998626708984,74
2025-09-18,33.584999084472656,33.584999084472656,33.494998931884766,33.494998931884766,124
2025-09-19,33.435001373291016,33.525001525878906,33.3849983215332,33.38999938964844,105
2025-09-22,33.619998931884766,33.619998931884766,33.57500076293945,33.59000015258789,54
2025-09-23,34.099998474121094,34.25,33.970001220703125,33.970001220703125,1609
2025-09-24,33.78499984741211,33.880001068115234,33.685001373291016,33.685001373291016,119
2025-09-25,33.665000915527344,33.68000030517578,33.459999084472656,33.595001220703125,494
2025-09-26,33.275001525878906,33.369998931884766,33.20500183105469,33.22999954223633,707
2025-09-29,33.619998931884766,33.790000915527344,33.54499816894531,33.54499816894531,60
2025-09-30,33.625,33.625,33.42499923706055,33.48500061035156,23
2025-10-01,33.95000076293945,33.95000076293945,33.3849983215332,33.400001525878906,148
2025-10-02,34.09000015258789,34.275001525878906,34.08000183105469,34.08000183105469,1491
2025-10-03,34.54499816894531,34.775001525878906,34.5,34.665000915527344,309
2025-10-06,34.77000045776367,34.86000061035156,34.54499816894531,34.6349983215332,6282
2025-10-07,34.92499923706055,35.3650016784668,34.92499923706055,35.125,202
2025-10-08,35.314998626708984,35.314998626708984,34.93000030517578,35.099998474121094,1027
2025-10-09,35.209999084472656,35.45000076293945,35.209999084472656,35.404998779296875,301
2025-10-10,34.04999923706055,35.244998931884766,34.04999923706055,35.1150016784668,857
2025-10-13,35.01499938964844,35.01499938964844,34.625,34.625,2334
2025-10-14,34.505001068115234,34.505001068115234,34.125,34.31999969482422,2629
2025-10-15,35.04499816894531,35.279998779296875,35.04499816894531,35.130001068115234,110
2025-10-16,35.33000183105469,35.51499938964844,35.33000183105469,35.5,1572
2025-10-17,34.88999938964844,34.95500183105469,34.42499923706055,34.42499923706055,641
2025-10-20,35.904998779296875,35.92499923706055,35.54499816894531,35.66999816894531,911
2025-10-21,35.814998626708984,35.915000915527344,35.73500061035156,35.73500061035156,507
2025-10-22,35.29999923706055,35.66999816894531,35.29999923706055,35.66999816894531,665
2025-10-23,35.55500030517578,35.560001373291016,35.314998626708984,35.54499816894531,631
2025-10-27,36.220001220703125,36.29499816894531,36.099998474121094,36.13999938964844,3077
2025-10-28,36.33000183105469,36.33000183105469,36.02000045776367,36.02000045776367,696
2025-10-29,36.6349983215332,36.81999969482422,36.560001373291016,36.779998779296875,530
2025-10-30,36.505001068115234,36.595001220703125,36.439998626708984,36.595001220703125,585
2025-10-31,36.52000045776367,36.724998474121094,36.52000045776367,36.724998474121094,212
2025-11-03,36.61000061035156,36.744998931884766,36.540000915527344,36.540000915527344,20120
2025-11-04,36.44499969482422,36.54999923706055,36.23500061035156,36.31999969482422,896
2025-11-05,36.38999938964844,36.38999938964844,36.02000045776367,36.02000045776367,3428
2025-11-06,35.47999954223633,36.34000015258789,35.415000915527344,36.18000030517578,1205
2025-11-07,34.744998931884766,35.709999084472656,34.67499923706055,35.61000061035156,4752
2025-11-10,35.56999969482422,35.8650016784668,35.56999969482422,35.85499954223633,2720
2025-11-11,35.599998474121094,35.69499969482422,35.52000045776367,35.69499969482422,1309
2025-11-12,35.72999954223633,36.029998779296875,35.72999954223633,35.904998779296875,2290
2025-11-13,35.084999084472656,35.72999954223633,35.084999084472656,35.72999954223633,322
2025-11-14,35.654998779296875,35.654998779296875,34.29499816894531,34.810001373291016,1875
2025-11-17,34.66999816894531,34.904998779296875,34.57500076293945,34.84000015258789,762
2025-11-18,34.28499984741211,34.345001220703125,34.0,34.154998779296875,1907
2025-11-19,34.244998931884766,34.459999084472656,33.904998779296875,33.904998779296875,1166
2025-11-20,34.5,35.064998626708984,34.5,35.064998626708984,2081
2025-11-21,33.7400016784668,33.86000061035156,33.334999084472656,33.48500061035156,2296
2025-11-24,34.14500045776367,34.209999084472656,33.5,33.73500061035156,1047
2025-11-25,33.98500061035156,34.10499954223633,33.76499938964844,34.09000015258789,1272
2025-11-26,34.84000015258789,34.84000015258789,34.58000183105469,34.58000183105469,96
2025-11-27,34.959999084472656,34.974998474121094,34.95500183105469,34.96500015258789,8
2025-11-28,35.10499954223633,35.279998779296875,35.06999969482422,35.08000183105469,5450
2025-12-01,35.040000915527344,35.040000915527344,34.6349983215332,34.76499938964844,1365
2025-12-02,35.07500076293945,35.31999969482422,34.959999084472656,34.959999084472656,114
2025-12-03,35.040000915527344,35.17499923706055,34.90999984741211,35.16999816894531,11011
2025-12-04,35.04499816894531,35.22999954223633,34.994998931884766,35.22999954223633,741
2025-12-05,35.584999084472656,35.77000045776367,35.53499984741211,35.560001373291016,735
2025-12-08,35.79999923706055,35.970001220703125,35.79999923706055,35.81999969482422,551
2025-12-09,35.994998931884766,36.05500030517578,35.81999969482422,35.845001220703125,1013
2025-12-10,36.08000183105469,36.15999984741211,36.02000045776367,36.1349983215332,369
2025-12-11,35.584999084472656,35.67499923706055,35.35499954223633,35.54499816894531,591
2025-12-12,34.880001068115234,35.630001068115234,34.880001068115234,35.625,933
2025-12-15,34.8849983215332,35.19499969482422,34.720001220703125,34.935001373291016,1027
2025-12-16,34.54499816894531,34.685001373291016,34.42499923706055,34.52000045776367,1051
2025-12-17,34.130001068115234,34.849998474121094,34.130001068115234,34.68000030517578,1398
2025-12-18,34.71500015258789,34.77000045776367,34.29999923706055,34.29999923706055,852
2025-12-19,35.0099983215332,35.03499984741211,34.63999938964844,34.775001525878906,551
2025-12-22,35.119998931884766,35.27000045776367,35.040000915527344,35.19499969482422,3020
2025-12-23,35.11000061035156,35.220001220703125,35.04999923706055,35.220001220703125,587
2025-12-29,35.814998626708984,35.95500183105469,35.665000915527344,35.79499816894531,318
2025-12-30,36.1349983215332,36.1349983215332,35.939998626708984,36.005001068115234,590
2026-01-02,36.709999084472656,36.994998931884766,36.630001068115234,36.64500045776367,3179
2026-01-05,37.654998779296875,37.7400016784668,37.494998931884766,37.650001525878906,2949
2026-01-06,37.959999084472656,38.05500030517578,37.775001525878906,37.915000915527344,1152
2026-01-07,37.97999954223633,38.14500045776367,37.93000030517578,38.119998931884766,912
2026-01-08,37.724998474121094,37.95000076293945,37.724998474121094,37.8849983215332,3392
2026-01-09,38.185001373291016,38.185001373291016,37.76499938964844,37.76499938964844,1182
2026-01-12,38.45500183105469,38.45500183105469,37.9900016784668,38.02000045776367,1419
2026-01-13,38.5099983215332,38.525001525878906,38.154998779296875,38.26499938964844,909
2026-01-14,38.31999969482422,38.619998931884766,38.255001068115234,38.59000015258789,402
2026-01-15,39.41999816894531,39.41999816894531,38.83000183105469,38.83000183105469,3033
2026-01-16,39.27000045776367,39.5099983215332,39.165000915527344,39.5099983215332,5625
2026-01-19,39.35499954223633,39.54499816894531,39.35499954223633,39.4900016784668,2972
2026-01-20,38.875,39.154998779296875,38.57500076293945,39.154998779296875,4126
2026-01-21,39.11000061035156,39.2599983215332,38.665000915527344,38.69499969482422,1827
2026-01-22,39.41999816894531,39.540000915527344,39.314998626708984,39.40999984741211,2542
2026-01-23,39.6349983215332,39.72999954223633,39.564998626708984,39.689998626708984,5429
2026-01-26,39.845001220703125,39.88999938964844,39.560001373291016,39.720001220703125,8377
2026-01-27,40.125,40.13999938964844,39.869998931884766,40.029998779296875,3266
2026-01-28,40.36000061035156,40.68000030517578,40.35499954223633,40.654998779296875,2925
2026-01-29,39.2400016784668,40.09000015258789,39.13999938964844,40.06999969482422,11349
2026-01-30,39.099998474121094,39.45500183105469,38.970001220703125,39.0,843
2026-02-02,39.564998626708984,39.56999969482422,38.7599983215332,38.814998626708984,8196
2026-02-03,39.505001068115234,39.935001373291016,39.39500045776367,39.92499923706055,3658
2026-02-04,39.33000183105469,39.970001220703125,39.099998474121094,39.88999938964844,2634
2026-02-05,39.11000061035156,39.18000030517578,38.564998626708984,39.14500045776367,2756
2026-02-06,39.849998474121094,39.849998474121094,39.05500030517578,39.05500030517578,3472
2026-02-09,40.290000915527344,40.290000915527344,39.65999984741211,40.0,3654
2026-02-10,40.630001068115234,40.7599983215332,40.564998626708984,40.564998626708984,1127
2026-02-11,41.625,41.85499954223633,41.1349983215332,41.154998779296875,4743
2026-02-12,41.34000015258789,42.279998779296875,41.209999084472656,41.9900016784668,1166
2026-02-13,41.4900016784668,41.53499984741211,41.154998779296875,41.42499923706055,955
2026-02-16,41.41999816894531,41.900001525878906,41.41999816894531,41.77000045776367,5505
2026-02-17,41.40999984741211,41.45500183105469,41.0,41.380001068115234,2486
2026-02-18,42.20000076293945,42.20000076293945,41.71500015258789,41.80500030517578,1523
2026-02-19,41.71500015258789,42.05500030517578,41.560001373291016,41.9900016784668,2865
2026-02-20,42.61000061035156,42.70500183105469,41.959999084472656,42.060001373291016,1691
2026-02-23,42.025001525878906,42.334999084472656,41.869998931884766,42.165000915527344,17204
2026-02-24,43.779998779296875,43.900001525878906,43.15999984741211,43.28499984741211,3494
2026-02-25,44.19499969482422,44.3849983215332,44.08000183105469,44.345001220703125,14155
2026-02-26,43.7599983215332,44.779998779296875,43.36000061035156,44.60499954223633,12419
2026-02-27,43.375,43.654998779296875,43.0,43.55500030517578,5647
2026-03-02,43.52000045776367,43.7400016784668,42.80500030517578,43.154998779296875,8526
2026-03-03,41.209999084472656,42.470001220703125,40.70000076293945,42.459999084472656,6851
2026-03-04,41.665000915527344,41.84000015258789,40.93000030517578,41.119998931884766,1921
2026-03-05,41.1150016784668,41.88999938964844,41.0,41.435001373291016,3315
2026-03-09,40.525001525878906,40.525001525878906,39.66999816894531,39.68000030517578,8598
2026-03-10,41.314998626708984,41.45000076293945,40.61000061035156,41.17499923706055,15519
2026-03-11,42.005001068115234,42.275001525878906,41.69499969482422,41.97999954223633,9403
2026-03-12,41.03499984741211,42.36000061035156,40.790000915527344,42.36000061035156,7132
2026-03-13,41.40999984741211,42.099998474121094,41.05500030517578,41.119998931884766,11459
2026-03-16,42.11000061035156,42.40999984741211,41.71500015258789,41.744998931884766,1588
2026-03-17,42.75,42.814998626708984,42.310001373291016,42.400001525878906,1037
2026-03-18,42.435001373291016,43.33000183105469,42.369998931884766,43.33000183105469,2204
2026-03-19,41.71500015258789,42.09000015258789,41.275001525878906,41.959999084472656,1501
2026-03-20,40.814998626708984,42.1150016784668,40.814998626708984,42.06999969482422,5403
2026-03-23,41.32500076293945,42.505001068115234,40.154998779296875,40.20000076293945,6429
2026-03-24,41.119998931884766,41.20500183105469,40.70000076293945,41.1150016784668,1979
2026-03-25,42.040000915527344,42.060001373291016,41.64500045776367,41.85499954223633,1706
2026-03-26,41.165000915527344,41.95000076293945,41.165000915527344,41.8650016784668,519
2026-03-27,40.64500045776367,41.21500015258789,40.64500045776367,41.19499969482422,1349
2026-03-30,40.814998626708984,41.150001525878906,40.584999084472656,40.900001525878906,2240
2026-03-31,40.19499969482422,40.290000915527344,39.584999084472656,39.83000183105469,28499
2026-04-01,41.744998931884766,41.810001373291016,41.2400016784668,41.55500030517578,2907
2026-04-02,41.025001525878906,41.13999938964844,40.3650016784668,40.70000076293945,741
2026-04-07,41.03499984741211,41.81999969482422,40.8650016784668,41.404998779296875,1359
2026-04-08,43.60499954223633,43.8849983215332,43.400001525878906,43.599998474121094,4084
2026-04-09,43.54999923706055,43.55500030517578,43.1349983215332,43.44499969482422,2445
2026-04-10,44.150001525878906,44.244998931884766,43.95000076293945,44.150001525878906,1205
2026-04-13,44.45000076293945,44.5,43.994998931884766,44.2400016784668,1558
2026-04-14,45.38999938964844,45.435001373291016,45.13999938964844,45.255001068115234,3285
2026-04-15,46.0,46.0,45.63999938964844,45.790000915527344,2498
2026-04-16,46.375,46.599998474121094,45.974998474121094,46.599998474121094,4108
2026-04-17,47.345001220703125,47.52000045776367,46.2599983215332,46.400001525878906,7090
2026-04-20,47.185001373291016,47.33000183105469,46.76499938964844,47.0,2346
2026-04-21,47.70000076293945,48.275001525878906,47.70000076293945,48.08000183105469,3158
2026-04-22,49.0099983215332,49.0099983215332,48.27000045776367,48.599998474121094,3463
2026-04-23,48.73500061035156,48.73500061035156,47.8849983215332,48.18000030517578,3929
2026-04-24,50.220001220703125,50.34000015258789,49.76499938964844,49.875,20768
2026-04-27,49.96500015258789,50.47999954223633,49.875,50.40999984741211,6024
2026-04-28,49.82500076293945,50.52000045776367,49.68000030517578,50.400001525878906,5838
2026-04-29,50.0099983215332,50.41999816894531,49.98500061035156,50.41999816894531,30451
2026-04-30,50.90999984741211,51.04999923706055,50.29999923706055,50.36000061035156,10697
2026-05-04,51.810001373291016,52.560001373291016,51.59000015258789,52.459999084472656,11600
2026-05-05,53.20000076293945,53.25,52.45000076293945,52.7400016784668,6499
2026-05-06,54.150001525878906,54.150001525878906,53.459999084472656,53.58000183105469,7049
2026-05-07,54.36000061035156,55.0,54.130001068115234,54.83000183105469,4761
2026-05-08,54.84000015258789,54.84000015258789,53.959999084472656,54.40999984741211,14448
2026-05-11,55.0099983215332,55.119998931884766,54.45000076293945,54.709999084472656,25242
2026-05-12,53.2599983215332,54.36000061035156,53.11000061035156,54.099998474121094,14463
2026-05-13,54.209999084472656,54.2599983215332,53.70000076293945,54.0099983215332,6279
2026-05-14,54.9900016784668,55.099998474121094,54.36000061035156,54.380001068115234,11326
2026-05-15,53.459999084472656,53.91999816894531,52.86000061035156,53.7400016784668,8883
2026-05-18,53.150001525878906,54.040000915527344,53.08000183105469,53.38999938964844,15087
2026-05-19,51.900001525878906,52.54999923706055,51.65999984741211,52.380001068115234,5373
2026-05-20,53.13999938964844,53.189998626708984,52.33000183105469,52.369998931884766,2473
2026-05-21,54.22999954223633,54.41999816894531,53.869998931884766,53.900001525878906,4157
2026-05-22,56.369998931884766,56.369998931884766,55.54999923706055,55.790000915527344,5928
2026-05-25,59.0,59.0,58.130001068115234,58.5,7678
2026-05-26,58.959999084472656,59.099998474121094,58.04999923706055,58.4900016784668,5682
2026-05-27,59.709999084472656,60.79999923706055,59.599998474121094,59.599998474121094,53490
2026-05-28,59.630001068115234,59.7400016784668,58.689998626708984,58.97999954223633,5460
2026-05-29,59.68000030517578,60.68000030517578,59.540000915527344,60.40999984741211,10227
2026-06-01,61.959999084472656,62.0,60.970001220703125,61.720001220703125,55195
2026-06-02,62.369998931884766,62.369998931884766,61.439998626708984,61.470001220703125,23298
2026-06-03,62.27000045776367,62.70000076293945,62.04999923706055,62.61000061035156,11403
2026-06-04,61.209999084472656,61.650001525878906,60.45000076293945,61.650001525878906,31940
2026-06-05,58.959999084472656,60.08000183105469,58.689998626708984,60.0,15677
2026-06-08,59.0,59.2599983215332,57.959999084472656,57.970001220703125,6546
2026-06-09,58.36000061035156,60.619998931884766,58.36000061035156,60.619998931884766,34671
2026-06-10,57.45000076293945,58.630001068115234,56.90999984741211,58.25,19593
2026-06-11,58.5,58.880001068115234,57.83000183105469,57.83000183105469,47280
2026-06-12,59.58000183105469,59.77000045776367,58.369998931884766,58.529998779296875,5355
2026-06-15,61.66999816894531,61.720001220703125,61.0099983215332,61.060001373291016,12273
2026-06-16,60.79999923706055,61.5,60.619998931884766,61.41999816894531,21075
2026-06-17,62.06999969482422,62.15999984741211,61.54999923706055,61.7400016784668,37403
2026-06-18,63.779998779296875,64.18000030517578,63.150001525878906,63.45000076293945,18020
2026-06-19,63.630001068115234,64.0,63.540000915527344,63.900001525878906,12087
2026-06-22,66.01000213623047,66.55999755859375,65.45999908447266,65.5199966430664,24963
2026-06-23,62.79999923706055,63.650001525878906,62.02000045776367,63.40999984741211,18778
2026-06-24,62.06999969482422,62.7599983215332,61.40999984741211,62.689998626708984,13015
2026-06-25,62.060001373291016,63.5,61.5,63.18000030517578,40169
2026-06-26,60.470001220703125,60.689998626708984,59.470001220703125,60.279998779296875,7534
2026-06-29,61.36000061035156,61.7599983215332,60.31999969482422,61.20000076293945,14817
2026-06-30,63.52000045776367,63.7400016784668,62.58000183105469,62.90999984741211,10805
2026-07-01,62.939998626708984,63.90999984741211,62.720001220703125,63.529998779296875,5099
2026-07-02,62.310001373291016,63.41999816894531,61.91999816894531,61.91999816894531,9331
2026-07-03,63.63999938964844,63.7599983215332,62.900001525878906,63.060001373291016,2902
2026-07-06,63.11000061035156,63.22999954223633,62.22999954223633,62.63999938964844,7635
2026-07-07,59.650001525878906,60.91999816894531,59.529998779296875,60.91999816894531,10796
2026-07-08,59.849998474121094,60.810001373291016,59.0,60.189998626708984,12547
2026-07-09,61.59000015258789,61.84000015258789,60.630001068115234,60.9900016784668,3991
2026-07-10,61.900001525878906,61.90999984741211,61.0,61.880001068115234,2867
2026-07-13,60.4900016784668,60.849998474121094,60.349998474121094,60.470001220703125,1738
2026-07-14,59.63999938964844,59.779998779296875,58.9900016784668,59.11000061035156,4264
2026-07-15,59.47999954223633,60.61000061035156,59.459999084472656,60.61000061035156,4099
2026-07-16,58.7400016784668,59.189998626708984,58.099998474121094,59.04999923706055,31906
2026-07-17,56.36000061035156,56.459999084472656,54.66999816894531,56.040000915527344,42241
2026-07-20,56.560001373291016,56.70000076293945,55.47999954223633,55.47999954223633,14800
2026-07-21,58.880001068115234,59.029998779296875,58.2599983215332,58.47999954223633,8227
2026-07-22,59.59000015258789,59.709999084472656,58.66999816894531,58.88999938964844,23070
2026-07-23,58.130001068115234,59.58000183105469,58.130001068115234,59.41999816894531,13227
2026-07-24,57.97999954223633,58.63999938964844,57.470001220703125,58.08000183105469,9637
2026-07-27,56.61000061035156,58.47999954223633,56.61000061035156,58.290000915527344,11789
2026-07-28,55.040000915527344,55.099998474121094,54.29999923706055,54.869998931884766,33299
2026-07-29,52.86000061035156,53.560001373291016,52.58000183105469,53.15999984741211,19244
2026-07-30,54.2400016784668,54.31999969482422,52.040000915527344,52.5,19063
2026-07-31,55.75,57.4900016784668,55.59000015258789,57.209999084472656,16752
2026-08-03,56.22999954223633,56.95000076293945,55.4900016784668,56.95000076293945,52343
2026-08-04,58.619998931884766,58.66999816894531,57.189998626708984,57.25,11230
2026-08-05,58.66999816894531,59.060001373291016,58.4900016784668,58.93000030517578,11892
2026-08-06,59.13999938964844,59.369998931884766,57.97999954223633,58.459999084472656,27045
2026-08-07,59.119998931884766,59.349998474121094,58.529998779296875,58.65999984741211,8093
2026-08-10,59.02000045776367,59.5,58.9900016784668,59.38999938964844,4015
2026-08-11,59.95000076293945,60.29999923706055,59.25,59.439998626708984,2155
2026-08-12,61.13999938964844,61.5099983215332,60.43000030517578,60.43000030517578,11456
2026-08-13,61.90999984741211,62.41999816894531,61.18000030517578,61.29999923706055,7911
2026-08-14,61.29999923706055,61.84000015258789,61.29999923706055,61.66999816894531,25127
2026-08-17,62.060001373291016,62.220001220703125,61.52000045776367,61.56999969482422,7714
2026-08-18,59.33000183105469,60.27000045776367,59.33000183105469,60.27000045776367,21010
2026-08-19,59.470001220703125,60.06999969482422,59.150001525878906,59.31999969482422,23213
2026-08-20,58.75,59.13999938964844,58.209999084472656,59.06999969482422,2448
2026-08-21,59.43000030517578,59.790000915527344,59.15999984741211,59.349998474121094,28625
2026-08-24,59.13999938964844,59.13999938964844,58.81999969482422,59.09000015258789,2563
